http://graph/subwf/1	http://www.w3.org/2004/02/skos/core#Collection
http://graph/subwf/2	http://www.w3.org/2004/02/skos/core#Collection
http://graph/subwf/3	http://www.w3.org/2004/02/skos/core#Collection
http://graph/subwf/4	http://www.w3.org/1999/02/22-rdf-syntax-ns#List
http://graph/subwf/5	http://www.w3.org/1999/02/22-rdf-syntax-ns#List
http://graph/subwf/6	http://www.w3.org/1999/02/22-rdf-syntax-ns#List
http://graph/subwf/7	http://www.w3.org/1999/02/22-rdf-syntax-ns#List
http://graph/subwf/8	http://www.w3.org/1999/02/22-rdf-syntax-ns#List
http://graph/subwf/9	http://www.w3.org/1999/02/22-rdf-syntax-ns#List
http://graph/subwf/10	http://www.w3.org/1999/02/22-rdf-syntax-ns#List
http://graph/subwf/11	http://www.w3.org/1999/02/22-rdf-syntax-ns#List
http://graph/subwf/12	http://www.w3.org/1999/02/22-rdf-syntax-ns#List
http://graph/subwf/13	http://www.w3.org/1999/02/22-rdf-syntax-ns#List
http://graph/subwf/14	http://www.w3.org/1999/02/22-rdf-syntax-ns#List
http://graph/subwf/15	http://www.w3.org/1999/02/22-rdf-syntax-ns#List
http://graph/subwf/16	http://www.w3.org/1999/02/22-rdf-syntax-ns#List
http://graph/subwf/17	http://www.w3.org/1999/02/22-rdf-syntax-ns#List
http://graph/subwf/18	http://www.w3.org/1999/02/22-rdf-syntax-ns#List
http://graph/subwf/19	http://www.w3.org/1999/02/22-rdf-syntax-ns#List
http://graph/subwf/20	http://www.w3.org/1999/02/22-rdf-syntax-ns#List
http://graph/subwf/21	http://www.w3.org/1999/02/22-rdf-syntax-ns#List
http://graph/subwf/22	http://www.w3.org/1999/02/22-rdf-syntax-ns#List
http://graph/subwf/23	http://www.w3.org/1999/02/22-rdf-syntax-ns#List
http://graph/subwf/24	http://www.w3.org/1999/02/22-rdf-syntax-ns#List
http://graph/subwf/25	http://www.w3.org/1999/02/22-rdf-syntax-ns#List
http://graph/subwf/26	http://www.w3.org/1999/02/22-rdf-syntax-ns#List
http://graph/subwf/27	http://www.w3.org/1999/02/22-rdf-syntax-ns#List
http://graph/subwf/28	http://www.w3.org/1999/02/22-rdf-syntax-ns#List
http://graph/subwf/29	http://www.w3.org/1999/02/22-rdf-syntax-ns#List
http://graph/subwf/30	http://www.w3.org/1999/02/22-rdf-syntax-ns#List
http://graph/subwf/31	http://www.w3.org/1999/02/22-rdf-syntax-ns#List
http://graph/subwf/32	http://www.w3.org/1999/02/22-rdf-syntax-ns#List
http://graph/subwf/33	http://www.w3.org/1999/02/22-rdf-syntax-ns#List
http://graph/subwf/34	http://www.w3.org/1999/02/22-rdf-syntax-ns#List
http://graph/subwf/35	http://www.w3.org/1999/02/22-rdf-syntax-ns#List
http://graph/subwf/36	http://www.w3.org/1999/02/22-rdf-syntax-ns#List
http://graph/subwf/37	http://www.w3.org/1999/02/22-rdf-syntax-ns#List
http://graph/subwf/38	http://www.w3.org/1999/02/22-rdf-syntax-ns#List
http://graph/subwf/39	http://www.w3.org/1999/02/22-rdf-syntax-ns#List
http://graph/subwf/40	http://www.w3.org/1999/02/22-rdf-syntax-ns#List
http://graph/subwf/41	http://www.w3.org/1999/02/22-rdf-syntax-ns#List
http://graph/subwf/42	http://www.w3.org/1999/02/22-rdf-syntax-ns#List
http://graph/subwf/43	http://www.w3.org/1999/02/22-rdf-syntax-ns#List
http://graph/subwf/44	http://www.w3.org/1999/02/22-rdf-syntax-ns#List
http://graph/subwf/45	http://www.w3.org/1999/02/22-rdf-syntax-ns#List
http://graph/subwf/46	http://www.w3.org/1999/02/22-rdf-syntax-ns#List
http://graph/subwf/47	http://www.w3.org/1999/02/22-rdf-syntax-ns#List
http://graph/subwf/48	http://www.w3.org/1999/02/22-rdf-syntax-ns#List
http://graph/subwf/49	http://bioontology.org/ontologies/ResearchArea.owl#Bioinformatics
http://graph/subwf/50	http://bioontology.org/ontologies/ResearchArea.owl#Bioinformatics
http://graph/subwf/51	http://bioontology.org/ontologies/ResearchArea.owl#Nursing;http://bioontology.org/ontologies/ResearchArea.owl#Preclinical
http://graph/subwf/52	http://bioontology.org/ontologies/ResearchArea.owl#Bioinformatics
http://graph/subwf/53	http://bioontology.org/ontologies/ResearchArea.owl#Bioinformatics
http://graph/subwf/54	http://bioontology.org/ontologies/ResearchArea.owl#Nursing;http://bioontology.org/ontologies/ResearchArea.owl#Preclinical
http://graph/subwf/55	http://bioontology.org/ontologies/ResearchArea.owl#Bioinformatics
http://graph/subwf/56	http://bioontology.org/ontologies/ResearchArea.owl#Bioinformatics
http://graph/subwf/57	http://bioontology.org/ontologies/ResearchArea.owl#Bioinformatics
http://graph/subwf/58	http://www.w3.org/1999/02/22-rdf-syntax-ns#List
http://graph/subwf/59	http://www.w3.org/1999/02/22-rdf-syntax-ns#List
http://graph/subwf/60	http://www.w3.org/1999/02/22-rdf-syntax-ns#List
http://graph/subwf/61	http://www.w3.org/1999/02/22-rdf-syntax-ns#List
http://graph/subwf/62	http://www.w3.org/1999/02/22-rdf-syntax-ns#List
http://graph/subwf/63	http://www.w3.org/1999/02/22-rdf-syntax-ns#List
http://graph/subwf/64	http://www.w3.org/1999/02/22-rdf-syntax-ns#List
http://graph/subwf/65	http://www.w3.org/1999/02/22-rdf-syntax-ns#List
http://graph/subwf/66	http://www.w3.org/1999/02/22-rdf-syntax-ns#List
http://graph/subwf/67	http://bioontology.org/ontologies/ResearchArea.owl#Bioinformatics
http://graph/subwf/68	http://www.w3.org/1999/02/22-rdf-syntax-ns#List
http://graph/subwf/69	http://www.w3.org/1999/02/22-rdf-syntax-ns#List
http://graph/subwf/70	http://www.w3.org/1999/02/22-rdf-syntax-ns#List
http://graph/subwf/71	http://www.w3.org/1999/02/22-rdf-syntax-ns#List
http://graph/subwf/72	http://www.w3.org/1999/02/22-rdf-syntax-ns#List
http://graph/subwf/73	http://www.w3.org/1999/02/22-rdf-syntax-ns#List
http://graph/subwf/74	http://www.w3.org/1999/02/22-rdf-syntax-ns#List
http://graph/subwf/75	http://www.w3.org/1999/02/22-rdf-syntax-ns#List
http://graph/subwf/76	http://www.w3.org/1999/02/22-rdf-syntax-ns#List
http://graph/subwf/77	http://www.w3.org/1999/02/22-rdf-syntax-ns#List
http://graph/subwf/78	http://www.w3.org/1999/02/22-rdf-syntax-ns#List
http://graph/subwf/79	http://www.w3.org/2004/02/skos/core#Collection
http://graph/subwf/80	http://www.w3.org/2004/02/skos/core#Collection
http://graph/subwf/81	http://www.w3.org/2004/02/skos/core#Collection
http://graph/subwf/82	http://www.w3.org/1999/02/22-rdf-syntax-ns#List
http://graph/subwf/83	http://www.w3.org/1999/02/22-rdf-syntax-ns#List
http://graph/subwf/84	http://www.w3.org/1999/02/22-rdf-syntax-ns#List
http://graph/subwf/85	http://www.w3.org/1999/02/22-rdf-syntax-ns#List
http://graph/subwf/86	http://www.w3.org/1999/02/22-rdf-syntax-ns#List
http://graph/subwf/87	http://www.w3.org/1999/02/22-rdf-syntax-ns#List
http://graph/subwf/88	http://www.w3.org/1999/02/22-rdf-syntax-ns#List
http://graph/subwf/89	http://www.w3.org/1999/02/22-rdf-syntax-ns#List
http://graph/subwf/90	http://www.w3.org/1999/02/22-rdf-syntax-ns#List
http://graph/subwf/91	http://www.w3.org/1999/02/22-rdf-syntax-ns#List
http://graph/subwf/92	http://www.w3.org/1999/02/22-rdf-syntax-ns#List
http://graph/subwf/93	http://www.w3.org/1999/02/22-rdf-syntax-ns#List
http://graph/subwf/94	http://www.w3.org/1999/02/22-rdf-syntax-ns#List
http://graph/subwf/95	http://www.w3.org/1999/02/22-rdf-syntax-ns#List
http://graph/subwf/96	http://www.w3.org/1999/02/22-rdf-syntax-ns#List
http://graph/subwf/97	http://www.w3.org/1999/02/22-rdf-syntax-ns#List
http://graph/subwf/98	http://bioontology.org/ontologies/ResearchArea.owl#Bioinformatics
http://graph/subwf/99	http://bioontology.org/ontologies/ResearchArea.owl#Bioinformatics
http://graph/subwf/100	http://www.w3.org/2004/02/skos/core#Collection
http://graph/subwf/101	http://www.w3.org/2004/02/skos/core#Collection
http://graph/subwf/102	http://www.w3.org/2004/02/skos/core#Collection
http://graph/subwf/103	http://www.w3.org/2004/02/skos/core#Collection
http://graph/subwf/104	http://www.w3.org/2004/02/skos/core#Collection
http://graph/subwf/105	http://www.w3.org/2004/02/skos/core#Collection
http://graph/subwf/106	http://www.w3.org/2004/02/skos/core#Collection
http://graph/subwf/107	http://www.w3.org/2004/02/skos/core#Collection
http://graph/subwf/108	http://www.w3.org/2004/02/skos/core#Collection
http://graph/subwf/109	http://www.w3.org/2004/02/skos/core#Collection
http://graph/subwf/110	http://www.w3.org/2004/02/skos/core#Collection
http://graph/subwf/111	http://www.w3.org/2004/02/skos/core#Collection
http://graph/subwf/112	http://www.w3.org/2004/02/skos/core#Collection
http://graph/subwf/113	http://www.w3.org/2004/02/skos/core#Collection
http://graph/subwf/114	http://www.w3.org/2004/02/skos/core#Collection
http://graph/subwf/115	http://www.w3.org/2004/02/skos/core#Collection
http://graph/subwf/116	http://www.w3.org/2004/02/skos/core#Collection
http://graph/subwf/117	http://www.w3.org/2004/02/skos/core#Collection
http://graph/subwf/118	http://www.w3.org/2004/02/skos/core#Collection
http://graph/subwf/119	http://www.w3.org/2004/02/skos/core#Collection
http://graph/subwf/120	http://www.w3.org/2004/02/skos/core#Collection
http://graph/subwf/121	http://www.w3.org/2004/02/skos/core#Collection
http://graph/subwf/122	http://www.w3.org/2004/02/skos/core#Collection
http://graph/subwf/123	http://www.w3.org/2004/02/skos/core#Collection
http://graph/subwf/124	http://www.w3.org/2004/02/skos/core#Collection
http://graph/subwf/125	http://www.w3.org/2004/02/skos/core#Collection
http://graph/subwf/126	http://www.w3.org/2004/02/skos/core#Collection
http://graph/subwf/127	http://www.w3.org/2004/02/skos/core#Collection
http://graph/subwf/128	http://www.w3.org/2004/02/skos/core#Collection
http://graph/subwf/129	http://www.w3.org/2004/02/skos/core#Collection
http://graph/subwf/130	http://www.w3.org/2004/02/skos/core#Collection
http://graph/subwf/131	http://www.w3.org/2004/02/skos/core#Collection
http://graph/subwf/132	http://www.w3.org/2004/02/skos/core#Collection
http://graph/subwf/133	http://www.w3.org/2004/02/skos/core#Collection
http://graph/subwf/134	http://www.w3.org/2004/02/skos/core#Collection
http://graph/subwf/135	http://www.w3.org/2004/02/skos/core#Collection
http://graph/subwf/136	http://www.w3.org/2004/02/skos/core#Collection
http://graph/subwf/137	http://www.w3.org/2004/02/skos/core#Collection
http://graph/subwf/138	http://www.w3.org/2004/02/skos/core#Collection
http://graph/subwf/139	http://www.w3.org/2004/02/skos/core#Collection
http://graph/subwf/140	http://www.w3.org/2004/02/skos/core#Collection
http://graph/subwf/141	http://www.w3.org/2004/02/skos/core#Collection
http://graph/subwf/142	http://www.w3.org/2004/02/skos/core#Collection
http://graph/subwf/143	http://www.w3.org/2004/02/skos/core#Collection
http://graph/subwf/144	http://www.w3.org/2004/02/skos/core#Collection
http://graph/subwf/145	http://www.w3.org/2004/02/skos/core#Collection
http://graph/subwf/146	http://www.w3.org/2004/02/skos/core#Collection
http://graph/subwf/147	http://www.w3.org/2004/02/skos/core#Collection
http://graph/subwf/148	http://www.w3.org/2004/02/skos/core#Collection
http://graph/subwf/149	http://www.w3.org/2004/02/skos/core#Collection
http://graph/subwf/150	http://www.w3.org/2004/02/skos/core#Collection
http://graph/subwf/151	http://www.w3.org/2004/02/skos/core#Collection
http://graph/subwf/152	http://www.w3.org/2004/02/skos/core#Collection
http://graph/subwf/153	http://www.w3.org/2004/02/skos/core#Collection
http://graph/subwf/154	http://www.w3.org/2004/02/skos/core#Collection
http://graph/subwf/155	http://www.w3.org/2004/02/skos/core#Collection
http://graph/subwf/156	http://www.w3.org/2004/02/skos/core#Collection
http://graph/subwf/157	http://www.w3.org/2004/02/skos/core#Collection
http://graph/subwf/158	http://www.w3.org/2004/02/skos/core#Collection
http://graph/subwf/159	http://www.w3.org/2004/02/skos/core#Collection
http://graph/subwf/160	http://www.w3.org/2004/02/skos/core#Collection
http://graph/subwf/161	http://www.w3.org/2004/02/skos/core#Collection
http://graph/subwf/162	http://www.w3.org/2004/02/skos/core#Collection
http://graph/subwf/163	http://www.w3.org/2004/02/skos/core#Collection
http://graph/subwf/164	http://www.w3.org/2004/02/skos/core#Collection
http://graph/subwf/165	http://www.w3.org/2004/02/skos/core#Collection
http://graph/subwf/166	http://www.w3.org/2004/02/skos/core#Collection
http://graph/subwf/167	http://www.w3.org/2004/02/skos/core#Collection
http://graph/subwf/168	http://www.w3.org/2004/02/skos/core#Collection
http://graph/subwf/169	http://www.w3.org/1999/02/22-rdf-syntax-ns#List
http://graph/subwf/170	http://www.w3.org/1999/02/22-rdf-syntax-ns#List
http://graph/subwf/171	http://www.w3.org/1999/02/22-rdf-syntax-ns#List
http://graph/subwf/172	http://www.w3.org/1999/02/22-rdf-syntax-ns#List
http://graph/subwf/173	http://www.w3.org/1999/02/22-rdf-syntax-ns#List
http://graph/subwf/174	http://www.w3.org/1999/02/22-rdf-syntax-ns#List
http://graph/subwf/175	http://www.w3.org/1999/02/22-rdf-syntax-ns#List
http://graph/subwf/176	http://www.w3.org/1999/02/22-rdf-syntax-ns#List
http://graph/subwf/177	http://www.w3.org/1999/02/22-rdf-syntax-ns#List
http://graph/subwf/178	http://www.w3.org/1999/02/22-rdf-syntax-ns#List
http://graph/subwf/179	http://www.w3.org/1999/02/22-rdf-syntax-ns#List
http://graph/subwf/180	http://www.w3.org/1999/02/22-rdf-syntax-ns#List
http://graph/subwf/181	http://www.w3.org/1999/02/22-rdf-syntax-ns#List
http://graph/subwf/182	http://www.w3.org/1999/02/22-rdf-syntax-ns#List
http://graph/subwf/183	http://www.w3.org/1999/02/22-rdf-syntax-ns#List
http://graph/subwf/184	http://www.w3.org/1999/02/22-rdf-syntax-ns#List
http://graph/subwf/185	http://www.w3.org/1999/02/22-rdf-syntax-ns#List
http://graph/subwf/186	http://www.w3.org/1999/02/22-rdf-syntax-ns#List
http://graph/subwf/187	http://www.w3.org/1999/02/22-rdf-syntax-ns#List
http://graph/subwf/188	http://www.w3.org/1999/02/22-rdf-syntax-ns#List
http://graph/subwf/189	http://www.w3.org/1999/02/22-rdf-syntax-ns#List
http://graph/subwf/190	http://www.w3.org/1999/02/22-rdf-syntax-ns#List
http://graph/subwf/191	http://www.w3.org/1999/02/22-rdf-syntax-ns#List
http://graph/subwf/192	http://www.w3.org/1999/02/22-rdf-syntax-ns#List
http://graph/subwf/193	http://www.w3.org/1999/02/22-rdf-syntax-ns#List
http://graph/subwf/194	http://www.w3.org/1999/02/22-rdf-syntax-ns#List
http://graph/subwf/195	http://www.w3.org/1999/02/22-rdf-syntax-ns#List
http://graph/subwf/196	http://www.w3.org/1999/02/22-rdf-syntax-ns#List
http://graph/subwf/197	http://www.w3.org/1999/02/22-rdf-syntax-ns#List
http://graph/subwf/198	http://www.w3.org/1999/02/22-rdf-syntax-ns#List
http://graph/subwf/199	http://www.w3.org/1999/02/22-rdf-syntax-ns#List
http://graph/subwf/200	http://www.w3.org/1999/02/22-rdf-syntax-ns#List
http://graph/subwf/201	http://www.w3.org/1999/02/22-rdf-syntax-ns#List
http://graph/subwf/202	http://www.w3.org/1999/02/22-rdf-syntax-ns#List
http://graph/subwf/203	http://www.w3.org/1999/02/22-rdf-syntax-ns#List
http://graph/subwf/204	http://www.w3.org/1999/02/22-rdf-syntax-ns#List
http://graph/subwf/205	http://www.w3.org/1999/02/22-rdf-syntax-ns#List
http://graph/subwf/206	http://www.w3.org/1999/02/22-rdf-syntax-ns#List
http://graph/subwf/207	http://www.w3.org/1999/02/22-rdf-syntax-ns#List
http://graph/subwf/208	http://www.w3.org/1999/02/22-rdf-syntax-ns#List
http://graph/subwf/209	http://www.w3.org/1999/02/22-rdf-syntax-ns#List
http://graph/subwf/210	http://www.w3.org/1999/02/22-rdf-syntax-ns#List
http://graph/subwf/211	http://www.w3.org/1999/02/22-rdf-syntax-ns#List
http://graph/subwf/212	http://www.w3.org/1999/02/22-rdf-syntax-ns#List
http://graph/subwf/213	http://www.w3.org/1999/02/22-rdf-syntax-ns#List
http://graph/subwf/214	http://www.w3.org/1999/02/22-rdf-syntax-ns#List
http://graph/subwf/215	http://www.w3.org/1999/02/22-rdf-syntax-ns#List
http://graph/subwf/216	http://www.w3.org/1999/02/22-rdf-syntax-ns#List
http://graph/subwf/217	http://www.w3.org/1999/02/22-rdf-syntax-ns#List
http://graph/subwf/218	http://www.w3.org/1999/02/22-rdf-syntax-ns#List
http://graph/subwf/219	http://www.w3.org/1999/02/22-rdf-syntax-ns#List
http://graph/subwf/220	http://www.w3.org/1999/02/22-rdf-syntax-ns#List
http://graph/subwf/221	http://www.w3.org/1999/02/22-rdf-syntax-ns#List
http://graph/subwf/222	http://www.w3.org/1999/02/22-rdf-syntax-ns#List
http://graph/subwf/223	http://www.w3.org/1999/02/22-rdf-syntax-ns#List
http://graph/subwf/224	http://www.w3.org/1999/02/22-rdf-syntax-ns#List
http://graph/subwf/225	http://www.w3.org/1999/02/22-rdf-syntax-ns#List
http://graph/subwf/226	http://www.w3.org/1999/02/22-rdf-syntax-ns#List
http://graph/subwf/227	http://www.w3.org/1999/02/22-rdf-syntax-ns#List
http://graph/subwf/228	http://www.w3.org/1999/02/22-rdf-syntax-ns#List
http://graph/subwf/229	http://www.w3.org/1999/02/22-rdf-syntax-ns#List
http://graph/subwf/230	http://www.w3.org/1999/02/22-rdf-syntax-ns#List
http://graph/subwf/231	http://www.w3.org/1999/02/22-rdf-syntax-ns#List
http://graph/subwf/232	http://www.w3.org/1999/02/22-rdf-syntax-ns#List
http://graph/subwf/233	http://www.w3.org/1999/02/22-rdf-syntax-ns#List
http://graph/subwf/234	http://www.w3.org/1999/02/22-rdf-syntax-ns#List
http://graph/subwf/235	http://www.w3.org/1999/02/22-rdf-syntax-ns#List
http://graph/subwf/236	http://www.w3.org/1999/02/22-rdf-syntax-ns#List
http://graph/subwf/237	http://www.w3.org/1999/02/22-rdf-syntax-ns#List
http://graph/subwf/238	http://www.w3.org/1999/02/22-rdf-syntax-ns#List
http://graph/subwf/239	http://www.w3.org/1999/02/22-rdf-syntax-ns#List
http://graph/subwf/240	http://bioontology.org/ontologies/ResearchArea.owl#Bioinformatics
http://graph/subwf/241	http://bioontology.org/ontologies/ResearchArea.owl#Bioinformatics
http://graph/subwf/242	http://www.w3.org/1999/02/22-rdf-syntax-ns#List
http://graph/subwf/243	http://www.w3.org/1999/02/22-rdf-syntax-ns#List
http://graph/subwf/244	http://www.w3.org/1999/02/22-rdf-syntax-ns#List
http://graph/subwf/245	http://www.w3.org/1999/02/22-rdf-syntax-ns#List
http://graph/subwf/246	http://www.w3.org/1999/02/22-rdf-syntax-ns#List
http://graph/subwf/247	http://www.w3.org/1999/02/22-rdf-syntax-ns#List
http://graph/subwf/248	http://www.w3.org/1999/02/22-rdf-syntax-ns#List
http://graph/subwf/249	http://www.w3.org/1999/02/22-rdf-syntax-ns#List
http://graph/subwf/250	http://www.w3.org/1999/02/22-rdf-syntax-ns#List
http://graph/subwf/251	http://www.w3.org/1999/02/22-rdf-syntax-ns#List
http://graph/subwf/252	http://www.w3.org/1999/02/22-rdf-syntax-ns#List
http://graph/subwf/253	http://www.w3.org/1999/02/22-rdf-syntax-ns#List
http://graph/subwf/254	http://www.w3.org/1999/02/22-rdf-syntax-ns#List
http://graph/subwf/255	http://www.w3.org/1999/02/22-rdf-syntax-ns#List
http://graph/subwf/256	http://www.w3.org/1999/02/22-rdf-syntax-ns#List
http://graph/subwf/257	http://www.w3.org/1999/02/22-rdf-syntax-ns#List
http://graph/subwf/258	http://www.w3.org/1999/02/22-rdf-syntax-ns#List
http://graph/subwf/259	http://www.w3.org/1999/02/22-rdf-syntax-ns#List
http://graph/subwf/260	http://www.w3.org/1999/02/22-rdf-syntax-ns#List
http://graph/subwf/261	http://www.w3.org/1999/02/22-rdf-syntax-ns#List
http://graph/subwf/262	http://www.w3.org/1999/02/22-rdf-syntax-ns#List
http://graph/subwf/263	http://www.w3.org/1999/02/22-rdf-syntax-ns#List
http://graph/subwf/264	http://www.w3.org/1999/02/22-rdf-syntax-ns#List
http://graph/subwf/265	http://www.w3.org/1999/02/22-rdf-syntax-ns#List
http://graph/subwf/266	http://www.w3.org/1999/02/22-rdf-syntax-ns#List
http://graph/subwf/267	http://www.w3.org/1999/02/22-rdf-syntax-ns#List
http://graph/subwf/268	http://www.w3.org/1999/02/22-rdf-syntax-ns#List
http://graph/subwf/269	http://www.w3.org/1999/02/22-rdf-syntax-ns#List
http://graph/subwf/270	http://www.w3.org/1999/02/22-rdf-syntax-ns#List
http://graph/subwf/271	http://www.w3.org/1999/02/22-rdf-syntax-ns#List
http://graph/subwf/272	http://www.w3.org/1999/02/22-rdf-syntax-ns#List
http://graph/subwf/273	http://www.w3.org/1999/02/22-rdf-syntax-ns#List
http://graph/subwf/274	http://www.w3.org/1999/02/22-rdf-syntax-ns#List
http://graph/subwf/275	http://www.w3.org/1999/02/22-rdf-syntax-ns#List
http://graph/subwf/276	http://www.w3.org/1999/02/22-rdf-syntax-ns#List
http://graph/subwf/277	http://www.w3.org/1999/02/22-rdf-syntax-ns#List
http://graph/subwf/278	http://www.w3.org/1999/02/22-rdf-syntax-ns#List
http://graph/subwf/279	http://www.w3.org/1999/02/22-rdf-syntax-ns#List
http://graph/subwf/280	http://www.w3.org/1999/02/22-rdf-syntax-ns#List
http://graph/subwf/281	http://www.w3.org/1999/02/22-rdf-syntax-ns#List
http://graph/subwf/282	http://www.w3.org/1999/02/22-rdf-syntax-ns#List
http://graph/subwf/283	http://www.w3.org/1999/02/22-rdf-syntax-ns#List
http://graph/subwf/284	http://www.w3.org/1999/02/22-rdf-syntax-ns#List
http://graph/subwf/285	http://www.w3.org/1999/02/22-rdf-syntax-ns#List
http://graph/subwf/286	http://www.w3.org/1999/02/22-rdf-syntax-ns#List
http://graph/subwf/287	http://www.w3.org/1999/02/22-rdf-syntax-ns#List
http://graph/subwf/288	http://www.w3.org/1999/02/22-rdf-syntax-ns#List
http://graph/subwf/289	http://www.w3.org/1999/02/22-rdf-syntax-ns#List
http://graph/subwf/290	http://www.w3.org/1999/02/22-rdf-syntax-ns#List
http://graph/subwf/291	http://www.w3.org/1999/02/22-rdf-syntax-ns#List
http://graph/subwf/292	http://www.w3.org/1999/02/22-rdf-syntax-ns#List
http://graph/subwf/293	http://www.w3.org/1999/02/22-rdf-syntax-ns#List
http://graph/subwf/294	http://www.w3.org/1999/02/22-rdf-syntax-ns#List
http://graph/subwf/295	http://www.w3.org/1999/02/22-rdf-syntax-ns#List
http://graph/subwf/296	http://www.w3.org/1999/02/22-rdf-syntax-ns#List
http://graph/subwf/297	http://www.w3.org/1999/02/22-rdf-syntax-ns#List
http://graph/subwf/298	http://www.w3.org/1999/02/22-rdf-syntax-ns#List
http://graph/subwf/299	http://www.w3.org/1999/02/22-rdf-syntax-ns#List
http://graph/subwf/300	http://www.w3.org/1999/02/22-rdf-syntax-ns#List
http://graph/subwf/301	http://www.w3.org/1999/02/22-rdf-syntax-ns#List
http://graph/subwf/302	http://www.w3.org/1999/02/22-rdf-syntax-ns#List
http://graph/subwf/303	http://www.w3.org/1999/02/22-rdf-syntax-ns#List
http://graph/subwf/304	http://www.w3.org/1999/02/22-rdf-syntax-ns#List
http://graph/subwf/305	http://www.w3.org/1999/02/22-rdf-syntax-ns#List
http://graph/subwf/306	http://www.w3.org/2004/02/skos/core#Collection
http://graph/subwf/307	http://www.w3.org/1999/02/22-rdf-syntax-ns#List
http://graph/subwf/308	http://www.w3.org/1999/02/22-rdf-syntax-ns#List
http://graph/subwf/309	http://www.w3.org/1999/02/22-rdf-syntax-ns#List
http://graph/subwf/310	http://www.w3.org/1999/02/22-rdf-syntax-ns#List
http://graph/subwf/311	http://www.w3.org/1999/02/22-rdf-syntax-ns#List
http://graph/subwf/312	http://www.w3.org/1999/02/22-rdf-syntax-ns#List
http://graph/subwf/313	http://www.w3.org/1999/02/22-rdf-syntax-ns#List
http://graph/subwf/314	http://www.w3.org/1999/02/22-rdf-syntax-ns#List
http://graph/subwf/315	http://www.w3.org/1999/02/22-rdf-syntax-ns#List
http://graph/subwf/316	http://www.w3.org/1999/02/22-rdf-syntax-ns#List
http://graph/subwf/317	http://www.w3.org/1999/02/22-rdf-syntax-ns#List
http://graph/subwf/318	http://www.w3.org/1999/02/22-rdf-syntax-ns#List
http://graph/subwf/319	http://www.w3.org/1999/02/22-rdf-syntax-ns#List
http://graph/subwf/320	http://www.w3.org/1999/02/22-rdf-syntax-ns#List
http://graph/subwf/321	http://www.w3.org/1999/02/22-rdf-syntax-ns#List
http://graph/subwf/322	http://www.w3.org/1999/02/22-rdf-syntax-ns#List
http://graph/subwf/323	http://www.w3.org/1999/02/22-rdf-syntax-ns#List
http://graph/subwf/324	http://www.w3.org/1999/02/22-rdf-syntax-ns#List
http://graph/subwf/325	http://www.w3.org/2004/02/skos/core#Collection
http://graph/subwf/326	http://www.w3.org/2004/02/skos/core#Collection
http://graph/subwf/327	http://www.w3.org/1999/02/22-rdf-syntax-ns#List
http://graph/subwf/328	http://www.w3.org/1999/02/22-rdf-syntax-ns#List
http://graph/subwf/329	http://www.w3.org/1999/02/22-rdf-syntax-ns#List
http://graph/subwf/330	http://www.w3.org/1999/02/22-rdf-syntax-ns#List
http://graph/subwf/331	http://www.w3.org/1999/02/22-rdf-syntax-ns#List
http://graph/subwf/332	http://www.w3.org/2004/02/skos/core#Collection
http://graph/subwf/333	http://www.w3.org/2004/02/skos/core#Collection
http://graph/subwf/334	http://www.w3.org/2004/02/skos/core#Collection
http://graph/subwf/335	http://www.w3.org/2004/02/skos/core#Collection
http://graph/subwf/336	http://www.w3.org/2004/02/skos/core#Collection
http://graph/subwf/337	http://www.w3.org/2004/02/skos/core#Collection
http://graph/subwf/338	http://www.w3.org/2004/02/skos/core#Collection
http://graph/subwf/339	http://www.w3.org/1999/02/22-rdf-syntax-ns#List
http://graph/subwf/340	http://www.w3.org/1999/02/22-rdf-syntax-ns#List
http://graph/subwf/341	http://www.w3.org/1999/02/22-rdf-syntax-ns#List
http://graph/subwf/342	http://www.w3.org/1999/02/22-rdf-syntax-ns#List
http://graph/subwf/343	http://www.w3.org/1999/02/22-rdf-syntax-ns#List
http://graph/subwf/344	http://www.w3.org/1999/02/22-rdf-syntax-ns#List
http://graph/subwf/345	http://www.w3.org/1999/02/22-rdf-syntax-ns#List
http://graph/subwf/346	http://www.w3.org/1999/02/22-rdf-syntax-ns#List
http://graph/subwf/347	http://www.w3.org/1999/02/22-rdf-syntax-ns#List
http://graph/subwf/348	http://www.w3.org/1999/02/22-rdf-syntax-ns#List
http://graph/subwf/349	http://www.w3.org/1999/02/22-rdf-syntax-ns#List
http://graph/subwf/350	http://www.w3.org/1999/02/22-rdf-syntax-ns#List
http://graph/subwf/351	http://www.w3.org/1999/02/22-rdf-syntax-ns#List
http://graph/subwf/352	http://www.w3.org/1999/02/22-rdf-syntax-ns#List
http://graph/subwf/353	http://www.w3.org/1999/02/22-rdf-syntax-ns#List
http://graph/subwf/354	http://www.w3.org/1999/02/22-rdf-syntax-ns#List
http://graph/subwf/355	http://www.w3.org/1999/02/22-rdf-syntax-ns#List
http://graph/subwf/356	http://www.w3.org/1999/02/22-rdf-syntax-ns#List
http://graph/subwf/357	http://www.w3.org/1999/02/22-rdf-syntax-ns#List
http://graph/subwf/358	http://www.w3.org/1999/02/22-rdf-syntax-ns#List
http://graph/subwf/359	http://www.w3.org/1999/02/22-rdf-syntax-ns#List
http://graph/subwf/360	http://www.w3.org/1999/02/22-rdf-syntax-ns#List
http://graph/subwf/361	http://www.w3.org/1999/02/22-rdf-syntax-ns#List
http://graph/subwf/362	http://www.w3.org/1999/02/22-rdf-syntax-ns#List
http://graph/subwf/363	http://www.w3.org/1999/02/22-rdf-syntax-ns#List
http://graph/subwf/364	http://www.w3.org/1999/02/22-rdf-syntax-ns#List
http://graph/subwf/365	http://www.w3.org/1999/02/22-rdf-syntax-ns#List
http://graph/subwf/366	http://www.w3.org/1999/02/22-rdf-syntax-ns#List
http://graph/subwf/367	http://www.w3.org/1999/02/22-rdf-syntax-ns#List
http://graph/subwf/368	http://bioontology.org/ontologies/ResearchArea.owl#Bioinformatics
http://graph/subwf/369	http://bioontology.org/ontologies/ResearchArea.owl#Bioinformatics
http://graph/subwf/370	http://bioontology.org/ontologies/ResearchArea.owl#Bioinformatics
http://graph/subwf/371	http://bioontology.org/ontologies/ResearchArea.owl#Bioinformatics
http://graph/subwf/372	http://bioontology.org/ontologies/ResearchArea.owl#Bioinformatics
http://graph/subwf/373	http://bioontology.org/ontologies/ResearchArea.owl#Bioinformatics
http://graph/subwf/374	http://bioontology.org/ontologies/ResearchArea.owl#Bioinformatics
http://graph/subwf/375	http://bioontology.org/ontologies/ResearchArea.owl#Bioinformatics
http://graph/subwf/376	http://bioontology.org/ontologies/ResearchArea.owl#Bioinformatics
http://graph/subwf/377	http://bioontology.org/ontologies/ResearchArea.owl#Bioinformatics
http://graph/subwf/378	http://bioontology.org/ontologies/ResearchArea.owl#Bioinformatics
http://graph/subwf/379	http://bioontology.org/ontologies/ResearchArea.owl#Bioinformatics
http://graph/subwf/380	http://bioontology.org/ontologies/ResearchArea.owl#Bioinformatics
http://graph/subwf/381	http://bioontology.org/ontologies/ResearchArea.owl#Bioinformatics
http://graph/subwf/382	http://bioontology.org/ontologies/ResearchArea.owl#Bioinformatics
http://graph/subwf/383	http://bioontology.org/ontologies/ResearchArea.owl#Bioinformatics
http://graph/subwf/384	http://bioontology.org/ontologies/ResearchArea.owl#Bioinformatics
http://graph/subwf/385	http://bioontology.org/ontologies/ResearchArea.owl#Bioinformatics
http://graph/subwf/386	http://www.w3.org/1999/02/22-rdf-syntax-ns#List
http://graph/subwf/387	http://www.w3.org/1999/02/22-rdf-syntax-ns#List
http://graph/subwf/388	http://www.w3.org/1999/02/22-rdf-syntax-ns#List
http://graph/subwf/389	http://www.w3.org/1999/02/22-rdf-syntax-ns#List
http://graph/subwf/390	http://www.w3.org/1999/02/22-rdf-syntax-ns#List
http://graph/subwf/391	http://www.w3.org/1999/02/22-rdf-syntax-ns#List
http://graph/subwf/392	http://www.w3.org/1999/02/22-rdf-syntax-ns#List
http://graph/subwf/393	http://www.w3.org/1999/02/22-rdf-syntax-ns#List
http://graph/subwf/394	http://www.w3.org/1999/02/22-rdf-syntax-ns#List
http://graph/subwf/395	http://www.w3.org/1999/02/22-rdf-syntax-ns#List
http://graph/subwf/396	http://www.w3.org/1999/02/22-rdf-syntax-ns#List
http://graph/subwf/397	http://www.w3.org/1999/02/22-rdf-syntax-ns#List
http://graph/subwf/398	http://www.w3.org/1999/02/22-rdf-syntax-ns#List
http://graph/subwf/399	http://www.w3.org/1999/02/22-rdf-syntax-ns#List
http://graph/subwf/400	http://www.w3.org/1999/02/22-rdf-syntax-ns#List
http://graph/subwf/401	http://www.w3.org/1999/02/22-rdf-syntax-ns#List
http://graph/subwf/402	http://www.w3.org/1999/02/22-rdf-syntax-ns#List
http://graph/subwf/403	http://www.w3.org/1999/02/22-rdf-syntax-ns#List
http://graph/subwf/404	http://www.w3.org/1999/02/22-rdf-syntax-ns#List
http://graph/subwf/405	http://www.w3.org/1999/02/22-rdf-syntax-ns#List
http://graph/subwf/406	http://www.w3.org/1999/02/22-rdf-syntax-ns#List
http://graph/subwf/407	http://www.w3.org/1999/02/22-rdf-syntax-ns#List
http://graph/subwf/408	http://www.w3.org/1999/02/22-rdf-syntax-ns#List
http://graph/subwf/409	http://www.w3.org/1999/02/22-rdf-syntax-ns#List
http://graph/subwf/410	http://www.w3.org/1999/02/22-rdf-syntax-ns#List
http://graph/subwf/411	http://www.w3.org/1999/02/22-rdf-syntax-ns#List
http://graph/subwf/412	http://www.w3.org/1999/02/22-rdf-syntax-ns#List
http://graph/subwf/413	http://www.w3.org/1999/02/22-rdf-syntax-ns#List
http://graph/subwf/414	http://www.w3.org/1999/02/22-rdf-syntax-ns#List
http://graph/subwf/415	http://www.w3.org/1999/02/22-rdf-syntax-ns#List
http://graph/subwf/416	http://www.w3.org/1999/02/22-rdf-syntax-ns#List
http://graph/subwf/417	http://www.w3.org/1999/02/22-rdf-syntax-ns#List
http://graph/subwf/418	http://www.w3.org/1999/02/22-rdf-syntax-ns#List
http://graph/subwf/419	http://www.w3.org/1999/02/22-rdf-syntax-ns#List
http://graph/subwf/420	http://www.w3.org/1999/02/22-rdf-syntax-ns#List
http://graph/subwf/421	http://www.w3.org/1999/02/22-rdf-syntax-ns#List
http://graph/subwf/422	http://www.w3.org/1999/02/22-rdf-syntax-ns#List
http://graph/subwf/423	http://bioontology.org/ontologies/ResearchArea.owl#Bioinformatics
http://graph/subwf/424	http://bioontology.org/ontologies/ResearchArea.owl#Bioinformatics
http://graph/subwf/425	http://bioontology.org/ontologies/ResearchArea.owl#Bioinformatics
http://graph/subwf/426	http://bioontology.org/ontologies/ResearchArea.owl#Bioinformatics
http://graph/subwf/427	http://bioontology.org/ontologies/ResearchArea.owl#Bioinformatics
http://graph/subwf/428	http://www.w3.org/1999/02/22-rdf-syntax-ns#List
http://graph/subwf/429	http://www.w3.org/1999/02/22-rdf-syntax-ns#List
http://graph/subwf/430	http://www.w3.org/1999/02/22-rdf-syntax-ns#List
http://graph/subwf/431	http://www.w3.org/1999/02/22-rdf-syntax-ns#List
http://graph/subwf/432	http://www.w3.org/1999/02/22-rdf-syntax-ns#List
http://graph/subwf/433	http://www.w3.org/1999/02/22-rdf-syntax-ns#List
http://graph/subwf/434	http://www.w3.org/1999/02/22-rdf-syntax-ns#List
http://graph/subwf/435	http://www.w3.org/1999/02/22-rdf-syntax-ns#List
http://graph/subwf/436	http://www.w3.org/1999/02/22-rdf-syntax-ns#List
http://graph/subwf/437	http://www.w3.org/1999/02/22-rdf-syntax-ns#List
http://graph/subwf/438	http://www.w3.org/1999/02/22-rdf-syntax-ns#List
http://graph/subwf/439	http://www.w3.org/1999/02/22-rdf-syntax-ns#List
http://graph/subwf/440	http://www.w3.org/1999/02/22-rdf-syntax-ns#List
http://graph/subwf/441	http://www.w3.org/1999/02/22-rdf-syntax-ns#List
http://graph/subwf/442	http://www.w3.org/1999/02/22-rdf-syntax-ns#List
http://graph/subwf/443	http://www.w3.org/1999/02/22-rdf-syntax-ns#List
http://graph/subwf/444	http://www.w3.org/1999/02/22-rdf-syntax-ns#List
http://graph/subwf/445	http://www.w3.org/1999/02/22-rdf-syntax-ns#List
http://graph/subwf/446	http://www.w3.org/1999/02/22-rdf-syntax-ns#List
http://graph/subwf/447	http://www.w3.org/1999/02/22-rdf-syntax-ns#List
http://graph/subwf/448	http://www.w3.org/1999/02/22-rdf-syntax-ns#List
http://graph/subwf/449	http://www.w3.org/1999/02/22-rdf-syntax-ns#List
http://graph/subwf/450	http://www.w3.org/1999/02/22-rdf-syntax-ns#List
http://graph/subwf/451	http://www.w3.org/1999/02/22-rdf-syntax-ns#List
http://graph/subwf/452	http://www.w3.org/1999/02/22-rdf-syntax-ns#List
http://graph/subwf/453	http://www.w3.org/1999/02/22-rdf-syntax-ns#List
http://graph/subwf/454	http://www.w3.org/1999/02/22-rdf-syntax-ns#List
http://graph/subwf/455	http://www.w3.org/1999/02/22-rdf-syntax-ns#List
http://graph/subwf/456	http://www.w3.org/1999/02/22-rdf-syntax-ns#List
http://graph/subwf/457	http://www.w3.org/1999/02/22-rdf-syntax-ns#List
http://graph/subwf/458	http://www.w3.org/1999/02/22-rdf-syntax-ns#List
http://graph/subwf/459	http://www.w3.org/1999/02/22-rdf-syntax-ns#List
http://graph/subwf/460	http://www.w3.org/1999/02/22-rdf-syntax-ns#List
http://graph/subwf/461	http://www.w3.org/1999/02/22-rdf-syntax-ns#List
http://graph/subwf/462	http://www.w3.org/1999/02/22-rdf-syntax-ns#List
http://graph/subwf/463	http://www.w3.org/1999/02/22-rdf-syntax-ns#List
http://graph/subwf/464	http://www.w3.org/1999/02/22-rdf-syntax-ns#List
http://graph/subwf/465	http://www.w3.org/1999/02/22-rdf-syntax-ns#List
http://graph/subwf/466	http://www.w3.org/1999/02/22-rdf-syntax-ns#List
http://graph/subwf/467	http://www.w3.org/1999/02/22-rdf-syntax-ns#List
http://graph/subwf/468	http://www.w3.org/1999/02/22-rdf-syntax-ns#List
http://graph/subwf/469	http://www.w3.org/1999/02/22-rdf-syntax-ns#List
http://graph/subwf/470	http://www.w3.org/1999/02/22-rdf-syntax-ns#List
http://graph/subwf/471	http://www.w3.org/1999/02/22-rdf-syntax-ns#List
http://graph/subwf/472	http://www.w3.org/1999/02/22-rdf-syntax-ns#List
http://graph/subwf/473	http://www.w3.org/1999/02/22-rdf-syntax-ns#List
http://graph/subwf/474	http://www.w3.org/1999/02/22-rdf-syntax-ns#List
http://graph/subwf/475	http://www.w3.org/1999/02/22-rdf-syntax-ns#List
http://graph/subwf/476	http://www.w3.org/1999/02/22-rdf-syntax-ns#List
http://graph/subwf/477	http://www.w3.org/1999/02/22-rdf-syntax-ns#List
http://graph/subwf/478	http://www.w3.org/1999/02/22-rdf-syntax-ns#List
http://graph/subwf/479	http://www.w3.org/1999/02/22-rdf-syntax-ns#List
http://graph/subwf/480	http://www.w3.org/1999/02/22-rdf-syntax-ns#List
http://graph/subwf/481	http://www.w3.org/1999/02/22-rdf-syntax-ns#List
http://graph/subwf/482	http://www.w3.org/1999/02/22-rdf-syntax-ns#List
http://graph/subwf/483	http://www.w3.org/1999/02/22-rdf-syntax-ns#List
http://graph/subwf/484	http://www.w3.org/1999/02/22-rdf-syntax-ns#List
http://graph/subwf/485	http://www.w3.org/1999/02/22-rdf-syntax-ns#List
http://graph/subwf/486	http://www.w3.org/1999/02/22-rdf-syntax-ns#List
http://graph/subwf/487	http://www.w3.org/1999/02/22-rdf-syntax-ns#List
http://graph/subwf/488	http://www.w3.org/1999/02/22-rdf-syntax-ns#List
http://graph/subwf/489	http://www.w3.org/1999/02/22-rdf-syntax-ns#List
http://graph/subwf/490	http://www.w3.org/1999/02/22-rdf-syntax-ns#List
http://graph/subwf/491	http://www.w3.org/1999/02/22-rdf-syntax-ns#List
http://graph/subwf/492	http://www.w3.org/1999/02/22-rdf-syntax-ns#List
http://graph/subwf/493	http://www.w3.org/1999/02/22-rdf-syntax-ns#List
http://graph/subwf/494	http://www.w3.org/1999/02/22-rdf-syntax-ns#List
http://graph/subwf/495	http://www.w3.org/1999/02/22-rdf-syntax-ns#List
http://graph/subwf/496	http://www.w3.org/1999/02/22-rdf-syntax-ns#List
http://graph/subwf/497	http://www.w3.org/1999/02/22-rdf-syntax-ns#List
http://graph/subwf/498	http://www.w3.org/1999/02/22-rdf-syntax-ns#List
http://graph/subwf/499	http://www.w3.org/1999/02/22-rdf-syntax-ns#List
http://graph/subwf/500	http://www.w3.org/1999/02/22-rdf-syntax-ns#List
http://graph/subwf/501	http://www.w3.org/1999/02/22-rdf-syntax-ns#List
http://graph/subwf/502	http://www.w3.org/1999/02/22-rdf-syntax-ns#List
http://graph/subwf/503	http://www.w3.org/1999/02/22-rdf-syntax-ns#List
http://graph/subwf/504	http://www.w3.org/1999/02/22-rdf-syntax-ns#List
http://graph/subwf/505	http://www.w3.org/1999/02/22-rdf-syntax-ns#List
http://graph/subwf/506	http://www.w3.org/1999/02/22-rdf-syntax-ns#List
http://graph/subwf/507	http://www.w3.org/1999/02/22-rdf-syntax-ns#List
http://graph/subwf/508	http://www.w3.org/1999/02/22-rdf-syntax-ns#List
http://graph/subwf/509	http://www.w3.org/1999/02/22-rdf-syntax-ns#List
http://graph/subwf/510	http://www.w3.org/1999/02/22-rdf-syntax-ns#List
http://graph/subwf/511	http://www.w3.org/1999/02/22-rdf-syntax-ns#List
http://graph/subwf/512	http://www.w3.org/1999/02/22-rdf-syntax-ns#List
http://graph/subwf/513	http://www.w3.org/1999/02/22-rdf-syntax-ns#List
http://graph/subwf/514	http://www.w3.org/1999/02/22-rdf-syntax-ns#List
http://graph/subwf/515	http://www.w3.org/1999/02/22-rdf-syntax-ns#List
http://graph/subwf/516	http://www.w3.org/1999/02/22-rdf-syntax-ns#List
http://graph/subwf/517	http://www.w3.org/1999/02/22-rdf-syntax-ns#List
http://graph/subwf/518	http://www.w3.org/1999/02/22-rdf-syntax-ns#List
http://graph/subwf/519	http://www.w3.org/1999/02/22-rdf-syntax-ns#List
http://graph/subwf/520	http://www.w3.org/1999/02/22-rdf-syntax-ns#List
http://graph/subwf/521	http://www.w3.org/1999/02/22-rdf-syntax-ns#List
http://graph/subwf/522	http://www.w3.org/1999/02/22-rdf-syntax-ns#List
http://graph/subwf/523	http://www.w3.org/1999/02/22-rdf-syntax-ns#List
http://graph/subwf/524	http://www.w3.org/1999/02/22-rdf-syntax-ns#List
http://graph/subwf/525	http://www.w3.org/1999/02/22-rdf-syntax-ns#List
http://graph/subwf/526	http://www.w3.org/1999/02/22-rdf-syntax-ns#List
http://graph/subwf/527	http://www.w3.org/1999/02/22-rdf-syntax-ns#List
http://graph/subwf/528	http://www.w3.org/1999/02/22-rdf-syntax-ns#List
http://graph/subwf/529	http://www.w3.org/1999/02/22-rdf-syntax-ns#List
http://graph/subwf/530	http://www.w3.org/1999/02/22-rdf-syntax-ns#List
http://graph/subwf/531	http://www.w3.org/1999/02/22-rdf-syntax-ns#List
http://graph/subwf/532	http://www.w3.org/1999/02/22-rdf-syntax-ns#List
http://graph/subwf/533	http://www.w3.org/1999/02/22-rdf-syntax-ns#List
http://graph/subwf/534	http://www.w3.org/1999/02/22-rdf-syntax-ns#List
http://graph/subwf/535	http://www.w3.org/1999/02/22-rdf-syntax-ns#List
http://graph/subwf/536	http://www.w3.org/2004/02/skos/core#Collection
http://graph/subwf/537	http://www.w3.org/2004/02/skos/core#Collection
http://graph/subwf/538	http://www.w3.org/2004/02/skos/core#Collection
http://graph/subwf/539	http://bioontology.org/ontologies/ResearchArea.owl#Bioinformatics
http://graph/subwf/540	http://www.w3.org/1999/02/22-rdf-syntax-ns#List
http://graph/subwf/541	http://www.w3.org/1999/02/22-rdf-syntax-ns#List
http://graph/subwf/542	http://www.w3.org/1999/02/22-rdf-syntax-ns#List
http://graph/subwf/543	http://www.w3.org/1999/02/22-rdf-syntax-ns#List
http://graph/subwf/544	http://www.w3.org/1999/02/22-rdf-syntax-ns#List
http://graph/subwf/545	http://www.w3.org/1999/02/22-rdf-syntax-ns#List
http://graph/subwf/546	http://www.w3.org/1999/02/22-rdf-syntax-ns#List
http://graph/subwf/547	http://www.w3.org/1999/02/22-rdf-syntax-ns#List
http://graph/subwf/548	http://www.w3.org/1999/02/22-rdf-syntax-ns#List
http://graph/subwf/549	http://www.w3.org/1999/02/22-rdf-syntax-ns#List
http://graph/subwf/550	http://www.w3.org/1999/02/22-rdf-syntax-ns#List
http://graph/subwf/551	http://www.w3.org/1999/02/22-rdf-syntax-ns#List
http://graph/subwf/552	http://www.w3.org/1999/02/22-rdf-syntax-ns#List
http://graph/subwf/553	http://www.w3.org/1999/02/22-rdf-syntax-ns#List
http://graph/subwf/554	http://www.w3.org/1999/02/22-rdf-syntax-ns#List
http://graph/subwf/555	http://www.w3.org/1999/02/22-rdf-syntax-ns#List
http://graph/subwf/556	http://www.w3.org/1999/02/22-rdf-syntax-ns#List
http://graph/subwf/557	http://www.w3.org/1999/02/22-rdf-syntax-ns#List
http://graph/subwf/558	http://www.w3.org/1999/02/22-rdf-syntax-ns#List
http://graph/subwf/559	http://www.w3.org/1999/02/22-rdf-syntax-ns#List
http://graph/subwf/560	http://www.w3.org/1999/02/22-rdf-syntax-ns#List
http://graph/subwf/561	http://www.w3.org/1999/02/22-rdf-syntax-ns#List
http://graph/subwf/562	http://www.w3.org/1999/02/22-rdf-syntax-ns#List
http://graph/subwf/563	http://www.w3.org/1999/02/22-rdf-syntax-ns#List
http://graph/subwf/564	http://www.w3.org/1999/02/22-rdf-syntax-ns#List
http://graph/subwf/565	http://www.w3.org/1999/02/22-rdf-syntax-ns#List
http://graph/subwf/566	http://www.w3.org/1999/02/22-rdf-syntax-ns#List
http://graph/subwf/567	http://www.w3.org/1999/02/22-rdf-syntax-ns#List
http://graph/subwf/568	http://www.w3.org/1999/02/22-rdf-syntax-ns#List
http://graph/subwf/569	http://www.w3.org/1999/02/22-rdf-syntax-ns#List
http://graph/subwf/570	http://www.w3.org/1999/02/22-rdf-syntax-ns#List
http://graph/subwf/571	http://www.w3.org/1999/02/22-rdf-syntax-ns#List
http://graph/subwf/572	http://www.w3.org/1999/02/22-rdf-syntax-ns#List
http://graph/subwf/573	http://www.w3.org/1999/02/22-rdf-syntax-ns#List
http://graph/subwf/574	http://www.w3.org/1999/02/22-rdf-syntax-ns#List
http://graph/subwf/575	http://www.w3.org/1999/02/22-rdf-syntax-ns#List
http://graph/subwf/576	http://www.w3.org/1999/02/22-rdf-syntax-ns#List
http://graph/subwf/577	http://www.w3.org/1999/02/22-rdf-syntax-ns#List
http://graph/subwf/578	http://www.w3.org/1999/02/22-rdf-syntax-ns#List
http://graph/subwf/579	http://www.w3.org/1999/02/22-rdf-syntax-ns#List
http://graph/subwf/580	http://www.w3.org/1999/02/22-rdf-syntax-ns#List
http://graph/subwf/581	http://www.w3.org/1999/02/22-rdf-syntax-ns#List
http://graph/subwf/582	http://www.w3.org/1999/02/22-rdf-syntax-ns#List
http://graph/subwf/583	http://www.w3.org/1999/02/22-rdf-syntax-ns#List
http://graph/subwf/584	http://www.w3.org/1999/02/22-rdf-syntax-ns#List
http://graph/subwf/585	http://www.w3.org/1999/02/22-rdf-syntax-ns#List
http://graph/subwf/586	http://www.w3.org/1999/02/22-rdf-syntax-ns#List
http://graph/subwf/587	http://www.w3.org/1999/02/22-rdf-syntax-ns#List
http://graph/subwf/588	http://www.w3.org/1999/02/22-rdf-syntax-ns#List
http://graph/subwf/589	http://www.w3.org/1999/02/22-rdf-syntax-ns#List
http://graph/subwf/590	http://www.w3.org/1999/02/22-rdf-syntax-ns#List
http://graph/subwf/591	http://www.w3.org/1999/02/22-rdf-syntax-ns#List
http://graph/subwf/592	http://www.w3.org/1999/02/22-rdf-syntax-ns#List
http://graph/subwf/593	http://www.w3.org/1999/02/22-rdf-syntax-ns#List
http://graph/subwf/594	http://www.w3.org/1999/02/22-rdf-syntax-ns#List
http://graph/subwf/595	http://www.w3.org/1999/02/22-rdf-syntax-ns#List
http://graph/subwf/596	http://www.w3.org/1999/02/22-rdf-syntax-ns#List
http://graph/subwf/597	http://www.w3.org/1999/02/22-rdf-syntax-ns#List
http://graph/subwf/598	http://www.w3.org/1999/02/22-rdf-syntax-ns#List
http://graph/subwf/599	http://www.w3.org/1999/02/22-rdf-syntax-ns#List
http://graph/subwf/600	http://www.w3.org/1999/02/22-rdf-syntax-ns#List
http://graph/subwf/601	http://www.w3.org/1999/02/22-rdf-syntax-ns#List
http://graph/subwf/602	http://www.w3.org/1999/02/22-rdf-syntax-ns#List
http://graph/subwf/603	http://www.w3.org/2004/02/skos/core#Collection
http://graph/subwf/604	http://www.w3.org/2004/02/skos/core#Collection
http://graph/subwf/605	http://www.w3.org/2004/02/skos/core#Collection
http://graph/subwf/606	http://www.w3.org/1999/02/22-rdf-syntax-ns#List
http://graph/subwf/607	http://www.w3.org/1999/02/22-rdf-syntax-ns#List
http://graph/subwf/608	http://www.w3.org/1999/02/22-rdf-syntax-ns#List
http://graph/subwf/609	http://www.w3.org/1999/02/22-rdf-syntax-ns#List
http://graph/subwf/610	http://www.w3.org/1999/02/22-rdf-syntax-ns#List
http://graph/subwf/611	http://www.w3.org/2004/02/skos/core#Concept
http://graph/subwf/612	http://www.w3.org/2004/02/skos/core#Concept
http://graph/subwf/613	http://www.w3.org/2004/02/skos/core#Concept
http://graph/subwf/614	http://www.w3.org/2004/02/skos/core#Concept
http://graph/subwf/615	http://www.w3.org/2004/02/skos/core#Concept
http://graph/subwf/616	http://www.w3.org/2004/02/skos/core#Concept
http://graph/subwf/617	http://www.w3.org/2004/02/skos/core#Concept
http://graph/subwf/618	http://www.w3.org/2004/02/skos/core#Concept
http://graph/subwf/619	http://www.w3.org/2004/02/skos/core#Concept
http://graph/subwf/620	http://www.w3.org/2004/02/skos/core#Concept
http://graph/subwf/621	http://www.w3.org/2004/02/skos/core#Concept
http://graph/subwf/622	http://www.w3.org/2004/02/skos/core#Concept
http://graph/subwf/623	http://www.w3.org/2004/02/skos/core#Concept
http://graph/subwf/624	http://www.w3.org/2004/02/skos/core#Concept
http://graph/subwf/625	http://www.w3.org/2004/02/skos/core#Concept
http://graph/subwf/626	http://www.w3.org/1999/02/22-rdf-syntax-ns#List
http://graph/subwf/627	http://www.w3.org/2004/02/skos/core#Concept
http://graph/subwf/628	http://www.w3.org/2004/02/skos/core#Concept
http://graph/subwf/629	http://www.w3.org/2004/02/skos/core#Concept
http://graph/subwf/630	http://www.w3.org/2004/02/skos/core#Concept
