http://graph/subwf/1	http://purl.obolibrary.org/obo/MS_1000882
http://graph/subwf/2	http://purl.obolibrary.org/obo/MS_1000882
http://graph/subwf/3	http://purl.obolibrary.org/obo/MS_1000882
http://graph/subwf/4	http://purl.obolibrary.org/obo/MS_1000240
http://graph/subwf/5	http://purl.obolibrary.org/obo/MS_1000882;http://purl.obolibrary.org/obo/MS_1000531
http://graph/subwf/6	http://purl.obolibrary.org/obo/MS_1000882;http://purl.obolibrary.org/obo/MS_1000531
http://graph/subwf/7	http://purl.obolibrary.org/obo/MS_1000882
http://graph/subwf/8	http://purl.obolibrary.org/obo/MS_1000240
http://graph/subwf/9	http://purl.obolibrary.org/obo/MS_1000882;http://purl.obolibrary.org/obo/MS_1000531
http://graph/subwf/10	http://purl.obolibrary.org/obo/MS_1000882;http://purl.obolibrary.org/obo/MS_1000531
http://graph/subwf/11	http://purl.obolibrary.org/obo/MS_1000240
http://graph/subwf/12	http://purl.obolibrary.org/obo/MS_1000457
http://graph/subwf/13	http://purl.obolibrary.org/obo/MS_1000457
http://graph/subwf/14	http://purl.obolibrary.org/obo/MS_1000457
http://graph/subwf/15	http://purl.obolibrary.org/obo/MS_1000457
http://graph/subwf/16	http://purl.obolibrary.org/obo/MS_1000457
http://graph/subwf/17	http://purl.obolibrary.org/obo/MS_1000457
http://graph/subwf/18	http://purl.obolibrary.org/obo/MS_1000457
http://graph/subwf/19	http://purl.obolibrary.org/obo/MS_1000457
http://graph/subwf/20	http://purl.obolibrary.org/obo/MS_1000457
http://graph/subwf/21	http://purl.obolibrary.org/obo/MS_1000457
http://graph/subwf/22	http://purl.obolibrary.org/obo/MS_1000457
http://graph/subwf/23	http://purl.obolibrary.org/obo/MS_1000457
http://graph/subwf/24	http://purl.obolibrary.org/obo/MS_1000457
http://graph/subwf/25	http://purl.obolibrary.org/obo/MS_1000457
http://graph/subwf/26	http://purl.obolibrary.org/obo/MS_1000457
http://graph/subwf/27	http://purl.obolibrary.org/obo/MS_1000457
http://graph/subwf/28	http://purl.obolibrary.org/obo/MS_1000457
http://graph/subwf/29	http://purl.obolibrary.org/obo/MS_1000240
http://graph/subwf/30	http://purl.obolibrary.org/obo/MS_1000882
http://graph/subwf/31	http://purl.obolibrary.org/obo/MS_1000882
http://graph/subwf/32	http://purl.obolibrary.org/obo/MS_1000882
http://graph/subwf/33	http://purl.obolibrary.org/obo/MS_1000882
http://graph/subwf/34	http://purl.obolibrary.org/obo/MS_1000882
http://graph/subwf/35	http://purl.obolibrary.org/obo/MS_1000882
http://graph/subwf/36	http://purl.obolibrary.org/obo/MS_1000882
http://graph/subwf/37	http://purl.obolibrary.org/obo/MS_1000882
http://graph/subwf/38	http://purl.obolibrary.org/obo/MS_1000934
http://graph/subwf/39	http://purl.obolibrary.org/obo/MS_1001348
http://graph/subwf/40	http://purl.obolibrary.org/obo/MS_1001348
http://graph/subwf/41	http://purl.obolibrary.org/obo/MS_1001348
http://graph/subwf/42	http://purl.obolibrary.org/obo/MS_1001348
http://graph/subwf/43	http://purl.obolibrary.org/obo/MS_1001348
http://graph/subwf/44	http://purl.obolibrary.org/obo/MS_1001348
http://graph/subwf/45	http://purl.obolibrary.org/obo/MS_1001348
http://graph/subwf/46	http://purl.obolibrary.org/obo/MS_1001348
http://graph/subwf/47	http://purl.obolibrary.org/obo/MS_1001348
http://graph/subwf/48	http://purl.obolibrary.org/obo/MS_1001348
http://graph/subwf/49	http://purl.obolibrary.org/obo/MS_1001348
http://graph/subwf/50	http://purl.obolibrary.org/obo/MS_1001348
http://graph/subwf/51	http://purl.obolibrary.org/obo/MS_1001348
http://graph/subwf/52	http://purl.obolibrary.org/obo/MS_1001348
http://graph/subwf/53	http://purl.obolibrary.org/obo/MS_1001348
http://graph/subwf/54	http://purl.obolibrary.org/obo/MS_1000279
http://graph/subwf/55	http://purl.obolibrary.org/obo/MS_1000882
http://graph/subwf/56	http://purl.obolibrary.org/obo/MS_1000882
http://graph/subwf/57	http://purl.obolibrary.org/obo/MS_1000882
http://graph/subwf/58	http://purl.obolibrary.org/obo/MS_1000882
http://graph/subwf/59	http://purl.obolibrary.org/obo/MS_1000882
http://graph/subwf/60	http://purl.obolibrary.org/obo/MS_1000882
http://graph/subwf/61	http://purl.obolibrary.org/obo/MS_1000882
http://graph/subwf/62	http://purl.obolibrary.org/obo/MS_1000882
http://graph/subwf/63	http://purl.obolibrary.org/obo/MS_1000882
http://graph/subwf/64	http://purl.obolibrary.org/obo/MS_1000882
http://graph/subwf/65	http://purl.obolibrary.org/obo/MS_1000240
http://graph/subwf/66	http://purl.obolibrary.org/obo/MS_1000882
http://graph/subwf/67	http://purl.obolibrary.org/obo/MS_1000882
http://graph/subwf/68	http://purl.obolibrary.org/obo/MS_1000882
http://graph/subwf/69	http://purl.obolibrary.org/obo/MS_1000882
http://graph/subwf/70	http://purl.obolibrary.org/obo/MS_1000882
http://graph/subwf/71	http://purl.obolibrary.org/obo/MS_1000240
http://graph/subwf/72	http://purl.obolibrary.org/obo/MS_1000882
http://graph/subwf/73	http://purl.obolibrary.org/obo/MS_1000882
http://graph/subwf/74	http://purl.obolibrary.org/obo/MS_1000882
http://graph/subwf/75	http://purl.obolibrary.org/obo/MS_1000882
http://graph/subwf/76	http://purl.obolibrary.org/obo/MS_1000882
http://graph/subwf/77	http://purl.obolibrary.org/obo/MS_1000882
http://graph/subwf/78	http://purl.obolibrary.org/obo/MS_1000441
http://graph/subwf/79	http://purl.obolibrary.org/obo/MS_1000441
http://graph/subwf/80	http://purl.obolibrary.org/obo/MS_1000882
http://graph/subwf/81	http://purl.obolibrary.org/obo/MS_1000441
http://graph/subwf/82	http://purl.obolibrary.org/obo/MS_1000441
http://graph/subwf/83	http://purl.obolibrary.org/obo/MS_1002072;http://purl.obolibrary.org/obo/MS_1001191
http://graph/subwf/84	http://purl.obolibrary.org/obo/MS_1002072;http://purl.obolibrary.org/obo/MS_1001191;http://purl.obolibrary.org/obo/MS_1000934
http://graph/subwf/85	http://purl.obolibrary.org/obo/MS_1002072;http://purl.obolibrary.org/obo/MS_1001191
http://graph/subwf/86	http://purl.obolibrary.org/obo/MS_1000934
http://graph/subwf/87	http://purl.obolibrary.org/obo/MS_1002072;http://purl.obolibrary.org/obo/MS_1001191;http://purl.obolibrary.org/obo/MS_1000934
http://graph/subwf/88	http://purl.obolibrary.org/obo/MS_1002072;http://purl.obolibrary.org/obo/MS_1001191
http://graph/subwf/89	http://purl.obolibrary.org/obo/MS_1002072;http://purl.obolibrary.org/obo/MS_1001191
http://graph/subwf/90	http://purl.obolibrary.org/obo/MS_1002072;http://purl.obolibrary.org/obo/MS_1001191;http://purl.obolibrary.org/obo/MS_1000934
http://graph/subwf/91	http://purl.obolibrary.org/obo/MS_1002072;http://purl.obolibrary.org/obo/MS_1001191;http://purl.obolibrary.org/obo/MS_1000934
http://graph/subwf/92	http://purl.obolibrary.org/obo/MS_1002072;http://purl.obolibrary.org/obo/MS_1001191
http://graph/subwf/93	http://purl.obolibrary.org/obo/MS_1000934
http://graph/subwf/94	http://purl.obolibrary.org/obo/MS_1000934
http://graph/subwf/95	http://purl.obolibrary.org/obo/MS_1000934
http://graph/subwf/96	http://purl.obolibrary.org/obo/MS_1000934
http://graph/subwf/97	http://purl.obolibrary.org/obo/MS_1001369;http://purl.obolibrary.org/obo/MS_1000882
http://graph/subwf/98	http://purl.obolibrary.org/obo/MS_1000882
http://graph/subwf/99	http://purl.obolibrary.org/obo/MS_1000882
http://graph/subwf/100	http://purl.obolibrary.org/obo/MS_1001369;http://purl.obolibrary.org/obo/MS_1000882
http://graph/subwf/101	http://purl.obolibrary.org/obo/MS_1001369;http://purl.obolibrary.org/obo/MS_1000882
http://graph/subwf/102	http://purl.obolibrary.org/obo/MS_1000882
http://graph/subwf/103	http://purl.obolibrary.org/obo/MS_1001369;http://purl.obolibrary.org/obo/MS_1000882
http://graph/subwf/104	http://purl.obolibrary.org/obo/MS_1000882
http://graph/subwf/105	http://purl.obolibrary.org/obo/MS_1000882
http://graph/subwf/106	http://purl.obolibrary.org/obo/MS_1001369;http://purl.obolibrary.org/obo/MS_1000882
http://graph/subwf/107	http://purl.obolibrary.org/obo/MS_1001369;http://purl.obolibrary.org/obo/MS_1000882
http://graph/subwf/108	http://purl.obolibrary.org/obo/MS_1000882
http://graph/subwf/109	http://purl.obolibrary.org/obo/MS_1001369;http://purl.obolibrary.org/obo/MS_1000882
http://graph/subwf/110	http://purl.obolibrary.org/obo/MS_1000882
http://graph/subwf/111	http://purl.obolibrary.org/obo/MS_1000882
http://graph/subwf/112	http://purl.obolibrary.org/obo/MS_1001369;http://purl.obolibrary.org/obo/MS_1000882
http://graph/subwf/113	http://purl.obolibrary.org/obo/MS_1001369;http://purl.obolibrary.org/obo/MS_1000882
http://graph/subwf/114	http://purl.obolibrary.org/obo/MS_1000882
http://graph/subwf/115	http://purl.obolibrary.org/obo/MS_1000882
http://graph/subwf/116	http://purl.obolibrary.org/obo/MS_1000882
http://graph/subwf/117	http://purl.obolibrary.org/obo/MS_1000882;http://purl.obolibrary.org/obo/MS_1001348
http://graph/subwf/118	http://purl.obolibrary.org/obo/MS_1000882;http://purl.obolibrary.org/obo/MS_1001348
http://graph/subwf/119	http://purl.obolibrary.org/obo/MS_1000882;http://purl.obolibrary.org/obo/MS_1001348
http://graph/subwf/120	http://purl.obolibrary.org/obo/MS_1000279
http://graph/subwf/121	http://purl.obolibrary.org/obo/MS_1000279
http://graph/subwf/122	http://purl.obolibrary.org/obo/MS_1000279
http://graph/subwf/123	http://purl.obolibrary.org/obo/MS_1000279
http://graph/subwf/124	http://purl.obolibrary.org/obo/MS_1000279
http://graph/subwf/125	http://purl.obolibrary.org/obo/MS_1000279
http://graph/subwf/126	http://purl.obolibrary.org/obo/MS_1000279
http://graph/subwf/127	http://purl.obolibrary.org/obo/MS_1000882
http://graph/subwf/128	http://purl.obolibrary.org/obo/MS_1000882
http://graph/subwf/129	http://purl.obolibrary.org/obo/MS_1000882
http://graph/subwf/130	http://purl.obolibrary.org/obo/MS_1000882
http://graph/subwf/131	http://purl.obolibrary.org/obo/MS_1000882
http://graph/subwf/132	http://purl.obolibrary.org/obo/MS_1000882
http://graph/subwf/133	http://purl.obolibrary.org/obo/MS_1001348
http://graph/subwf/134	http://purl.obolibrary.org/obo/MS_1001348
http://graph/subwf/135	http://purl.obolibrary.org/obo/MS_1001348
http://graph/subwf/136	http://purl.obolibrary.org/obo/MS_1001348
http://graph/subwf/137	http://purl.obolibrary.org/obo/MS_1000279
http://graph/subwf/138	http://purl.obolibrary.org/obo/MS_1001348
http://graph/subwf/139	http://purl.obolibrary.org/obo/MS_1001348
http://graph/subwf/140	http://purl.obolibrary.org/obo/MS_1001348
http://graph/subwf/141	http://purl.obolibrary.org/obo/MS_1001348
http://graph/subwf/142	http://purl.obolibrary.org/obo/MS_1001348
http://graph/subwf/143	http://purl.obolibrary.org/obo/MS_1000934
http://graph/subwf/144	http://purl.obolibrary.org/obo/MS_1000934;http://purl.obolibrary.org/obo/MS_1002072;http://purl.obolibrary.org/obo/MS_1001191
http://graph/subwf/145	http://purl.obolibrary.org/obo/MS_1002072;http://purl.obolibrary.org/obo/MS_1001191
http://graph/subwf/146	http://purl.obolibrary.org/obo/MS_1002072;http://purl.obolibrary.org/obo/MS_1001191
http://graph/subwf/147	http://purl.obolibrary.org/obo/MS_1000934
http://graph/subwf/148	http://purl.obolibrary.org/obo/MS_1000934
http://graph/subwf/149	http://purl.obolibrary.org/obo/MS_1000934;http://purl.obolibrary.org/obo/MS_1002072;http://purl.obolibrary.org/obo/MS_1001191
http://graph/subwf/150	http://purl.obolibrary.org/obo/MS_1000934
http://graph/subwf/151	http://purl.obolibrary.org/obo/MS_1000934;http://purl.obolibrary.org/obo/MS_1002072;http://purl.obolibrary.org/obo/MS_1001191
http://graph/subwf/152	http://purl.obolibrary.org/obo/MS_1000934
http://graph/subwf/153	http://purl.obolibrary.org/obo/MS_1000934;http://purl.obolibrary.org/obo/MS_1002072;http://purl.obolibrary.org/obo/MS_1001191
http://graph/subwf/154	http://purl.obolibrary.org/obo/MS_1002072;http://purl.obolibrary.org/obo/MS_1001191
http://graph/subwf/155	http://purl.obolibrary.org/obo/MS_1002072;http://purl.obolibrary.org/obo/MS_1001191
http://graph/subwf/156	http://purl.obolibrary.org/obo/MS_1002072;http://purl.obolibrary.org/obo/MS_1001191
http://graph/subwf/157	http://purl.obolibrary.org/obo/MS_1000531
http://graph/subwf/158	http://purl.obolibrary.org/obo/MS_1000531
http://graph/subwf/159	http://purl.obolibrary.org/obo/MS_1000531
http://graph/subwf/160	http://purl.obolibrary.org/obo/MS_1000531
http://graph/subwf/161	http://purl.obolibrary.org/obo/MS_1000531
http://graph/subwf/162	http://purl.obolibrary.org/obo/MS_1000531
http://graph/subwf/163	http://purl.obolibrary.org/obo/MS_1000531
http://graph/subwf/164	http://purl.obolibrary.org/obo/MS_1000531
http://graph/subwf/165	http://purl.obolibrary.org/obo/MS_1000531
http://graph/subwf/166	http://purl.obolibrary.org/obo/MS_1000531
http://graph/subwf/167	http://purl.obolibrary.org/obo/MS_1000531
http://graph/subwf/168	http://purl.obolibrary.org/obo/MS_1000531
http://graph/subwf/169	http://purl.obolibrary.org/obo/MS_1000531
http://graph/subwf/170	http://purl.obolibrary.org/obo/MS_1000531
http://graph/subwf/171	http://purl.obolibrary.org/obo/MS_1000531
http://graph/subwf/172	http://purl.obolibrary.org/obo/MS_1000531
http://graph/subwf/173	http://purl.obolibrary.org/obo/MS_1000531
http://graph/subwf/174	http://purl.obolibrary.org/obo/MS_1000531
http://graph/subwf/175	http://purl.obolibrary.org/obo/MS_1000531
http://graph/subwf/176	http://purl.obolibrary.org/obo/MS_1000531
http://graph/subwf/177	http://purl.obolibrary.org/obo/MS_1000531
http://graph/subwf/178	http://purl.obolibrary.org/obo/MS_1000531
http://graph/subwf/179	http://purl.obolibrary.org/obo/MS_1000531
http://graph/subwf/180	http://purl.obolibrary.org/obo/MS_1000531
http://graph/subwf/181	http://purl.obolibrary.org/obo/MS_1000531
http://graph/subwf/182	http://purl.obolibrary.org/obo/MS_1000531
http://graph/subwf/183	http://purl.obolibrary.org/obo/MS_1000531
http://graph/subwf/184	http://purl.obolibrary.org/obo/MS_1000531
http://graph/subwf/185	http://purl.obolibrary.org/obo/MS_1000531
http://graph/subwf/186	http://purl.obolibrary.org/obo/MS_1000531
http://graph/subwf/187	http://purl.obolibrary.org/obo/MS_1000531
http://graph/subwf/188	http://purl.obolibrary.org/obo/MS_1000240
http://graph/subwf/189	http://purl.obolibrary.org/obo/MS_1000240
http://graph/subwf/190	http://purl.obolibrary.org/obo/MS_1000882
http://graph/subwf/191	http://purl.obolibrary.org/obo/MS_1000882
http://graph/subwf/192	http://purl.obolibrary.org/obo/MS_1000882
http://graph/subwf/193	http://purl.obolibrary.org/obo/MS_1000882
http://graph/subwf/194	http://purl.obolibrary.org/obo/MS_1000882
http://graph/subwf/195	http://purl.obolibrary.org/obo/MS_1000882
http://graph/subwf/196	http://purl.obolibrary.org/obo/MS_1000882
http://graph/subwf/197	http://purl.obolibrary.org/obo/MS_1000882
http://graph/subwf/198	http://purl.obolibrary.org/obo/MS_1000882
http://graph/subwf/199	http://purl.obolibrary.org/obo/MS_1000882
http://graph/subwf/200	http://purl.obolibrary.org/obo/MS_1000882
http://graph/subwf/201	http://purl.obolibrary.org/obo/MS_1000882
http://graph/subwf/202	http://purl.obolibrary.org/obo/MS_1000882
http://graph/subwf/203	http://purl.obolibrary.org/obo/MS_1000882
http://graph/subwf/204	http://purl.obolibrary.org/obo/MS_1000882
http://graph/subwf/205	http://purl.obolibrary.org/obo/MS_1000882
http://graph/subwf/206	http://purl.obolibrary.org/obo/MS_1000882
http://graph/subwf/207	http://purl.obolibrary.org/obo/MS_1000441
http://graph/subwf/208	http://purl.obolibrary.org/obo/MS_1000441
http://graph/subwf/209	http://purl.obolibrary.org/obo/MS_1000882
http://graph/subwf/210	http://purl.obolibrary.org/obo/MS_1000441
http://graph/subwf/211	http://purl.obolibrary.org/obo/MS_1000441
http://graph/subwf/212	http://purl.obolibrary.org/obo/MS_1000882
http://graph/subwf/213	http://purl.obolibrary.org/obo/MS_1000882
http://graph/subwf/214	http://purl.obolibrary.org/obo/MS_1000882
http://graph/subwf/215	http://purl.obolibrary.org/obo/MS_1000882
http://graph/subwf/216	http://purl.obolibrary.org/obo/MS_1000882
http://graph/subwf/217	http://purl.obolibrary.org/obo/MS_1000882
http://graph/subwf/218	http://purl.obolibrary.org/obo/MS_1000882
http://graph/subwf/219	http://purl.obolibrary.org/obo/MS_1000441
http://graph/subwf/220	http://purl.obolibrary.org/obo/MS_1000441
http://graph/subwf/221	http://purl.obolibrary.org/obo/MS_1000882
http://graph/subwf/222	http://purl.obolibrary.org/obo/MS_1000441
http://graph/subwf/223	http://purl.obolibrary.org/obo/MS_1000441
http://graph/subwf/224	http://purl.obolibrary.org/obo/MS_1000882
http://graph/subwf/225	http://purl.obolibrary.org/obo/MS_1000882
http://graph/subwf/226	http://purl.obolibrary.org/obo/MS_1000882
http://graph/subwf/227	http://purl.obolibrary.org/obo/MS_1000882
http://graph/subwf/228	http://purl.obolibrary.org/obo/MS_1000882
http://graph/subwf/229	http://purl.obolibrary.org/obo/MS_1000882
http://graph/subwf/230	http://purl.obolibrary.org/obo/MS_1000882
http://graph/subwf/231	http://purl.obolibrary.org/obo/MS_1000882
http://graph/subwf/232	http://purl.obolibrary.org/obo/MS_1000882
http://graph/subwf/233	http://purl.obolibrary.org/obo/MS_1000882
http://graph/subwf/234	http://purl.obolibrary.org/obo/MS_1000882
http://graph/subwf/235	http://purl.obolibrary.org/obo/MS_1000882
http://graph/subwf/236	http://purl.obolibrary.org/obo/MS_1000882
http://graph/subwf/237	http://purl.obolibrary.org/obo/MS_1000882
http://graph/subwf/238	http://purl.obolibrary.org/obo/MS_1000882
http://graph/subwf/239	http://purl.obolibrary.org/obo/MS_1000882
http://graph/subwf/240	http://purl.obolibrary.org/obo/MS_1000882
http://graph/subwf/241	http://purl.obolibrary.org/obo/MS_1000882
http://graph/subwf/242	http://purl.obolibrary.org/obo/MS_1000882
http://graph/subwf/243	http://purl.obolibrary.org/obo/MS_1000882
http://graph/subwf/244	http://purl.obolibrary.org/obo/MS_1000882
http://graph/subwf/245	http://purl.obolibrary.org/obo/MS_1000882
http://graph/subwf/246	http://purl.obolibrary.org/obo/MS_1000882
http://graph/subwf/247	http://purl.obolibrary.org/obo/MS_1000882
http://graph/subwf/248	http://purl.obolibrary.org/obo/MS_1000882
http://graph/subwf/249	http://purl.obolibrary.org/obo/MS_1000882
http://graph/subwf/250	http://purl.obolibrary.org/obo/MS_1000882
http://graph/subwf/251	http://purl.obolibrary.org/obo/MS_1000882
http://graph/subwf/252	http://purl.obolibrary.org/obo/MS_1000882
http://graph/subwf/253	http://purl.obolibrary.org/obo/MS_1000882
http://graph/subwf/254	http://purl.obolibrary.org/obo/MS_1000882
http://graph/subwf/255	http://purl.obolibrary.org/obo/MS_1000882
http://graph/subwf/256	http://purl.obolibrary.org/obo/MS_1000882
http://graph/subwf/257	http://purl.obolibrary.org/obo/MS_1000882
http://graph/subwf/258	http://purl.obolibrary.org/obo/MS_1000882
http://graph/subwf/259	http://purl.obolibrary.org/obo/MS_1000882
http://graph/subwf/260	http://purl.obolibrary.org/obo/MS_1000882
http://graph/subwf/261	http://purl.obolibrary.org/obo/MS_1000882
http://graph/subwf/262	http://purl.obolibrary.org/obo/MS_1000441
http://graph/subwf/263	http://purl.obolibrary.org/obo/MS_1000441
http://graph/subwf/264	http://purl.obolibrary.org/obo/MS_1000882
http://graph/subwf/265	http://purl.obolibrary.org/obo/MS_1000441
http://graph/subwf/266	http://purl.obolibrary.org/obo/MS_1000441
http://graph/subwf/267	http://purl.obolibrary.org/obo/MS_1000882
http://graph/subwf/268	http://purl.obolibrary.org/obo/MS_1000882
http://graph/subwf/269	http://purl.obolibrary.org/obo/MS_1000882
http://graph/subwf/270	http://purl.obolibrary.org/obo/MS_1000882
http://graph/subwf/271	http://purl.obolibrary.org/obo/MS_1000882
http://graph/subwf/272	http://purl.obolibrary.org/obo/MS_1000882
http://graph/subwf/273	http://purl.obolibrary.org/obo/MS_1000882
http://graph/subwf/274	http://purl.obolibrary.org/obo/MS_1000882
http://graph/subwf/275	http://purl.obolibrary.org/obo/MS_1000882
http://graph/subwf/276	http://purl.obolibrary.org/obo/MS_1000882
http://graph/subwf/277	http://purl.obolibrary.org/obo/MS_1000882
http://graph/subwf/278	http://purl.obolibrary.org/obo/MS_1000882
http://graph/subwf/279	http://purl.obolibrary.org/obo/MS_1000882
http://graph/subwf/280	http://purl.obolibrary.org/obo/MS_1000882
http://graph/subwf/281	http://purl.obolibrary.org/obo/MS_1000882
http://graph/subwf/282	http://purl.obolibrary.org/obo/MS_1000882
http://graph/subwf/283	http://purl.obolibrary.org/obo/MS_1000882
http://graph/subwf/284	http://purl.obolibrary.org/obo/MS_1000882
http://graph/subwf/285	http://purl.obolibrary.org/obo/MS_1000279
http://graph/subwf/286	http://purl.obolibrary.org/obo/MS_1000279
http://graph/subwf/287	http://purl.obolibrary.org/obo/MS_1000279
http://graph/subwf/288	http://purl.obolibrary.org/obo/MS_1000279;http://purl.obolibrary.org/obo/MS_1000866
http://graph/subwf/289	http://purl.obolibrary.org/obo/MS_1000279;http://purl.obolibrary.org/obo/MS_1000866
http://graph/subwf/290	http://purl.obolibrary.org/obo/MS_1000279;http://purl.obolibrary.org/obo/MS_1000866
http://graph/subwf/291	http://purl.obolibrary.org/obo/MS_1001349
http://graph/subwf/292	http://purl.obolibrary.org/obo/MS_1001349
http://graph/subwf/293	http://purl.obolibrary.org/obo/MS_1001349
http://graph/subwf/294	http://purl.obolibrary.org/obo/MS_1000240;http://purl.obolibrary.org/obo/MS_1001348
http://graph/subwf/295	http://purl.obolibrary.org/obo/MS_1000240
http://graph/subwf/296	http://purl.obolibrary.org/obo/MS_1000240;http://purl.obolibrary.org/obo/MS_1001348
http://graph/subwf/297	http://purl.obolibrary.org/obo/MS_1000240;http://purl.obolibrary.org/obo/MS_1001348
http://graph/subwf/298	http://purl.obolibrary.org/obo/MS_1000240
http://graph/subwf/299	http://purl.obolibrary.org/obo/MS_1000240;http://purl.obolibrary.org/obo/MS_1001348
http://graph/subwf/300	http://purl.obolibrary.org/obo/MS_1000240;http://purl.obolibrary.org/obo/MS_1001348
http://graph/subwf/301	http://purl.obolibrary.org/obo/MS_1000240;http://purl.obolibrary.org/obo/MS_1001348
http://graph/subwf/302	http://purl.obolibrary.org/obo/MS_1000240
http://graph/subwf/303	http://purl.obolibrary.org/obo/MS_1000240;http://purl.obolibrary.org/obo/MS_1001348
http://graph/subwf/304	http://purl.obolibrary.org/obo/MS_1000240;http://purl.obolibrary.org/obo/MS_1001348
http://graph/subwf/305	http://purl.obolibrary.org/obo/MS_1000240
http://graph/subwf/306	http://purl.obolibrary.org/obo/MS_1000240;http://purl.obolibrary.org/obo/MS_1001348
http://graph/subwf/307	http://purl.obolibrary.org/obo/MS_1000240;http://purl.obolibrary.org/obo/MS_1001348
http://graph/subwf/308	http://purl.obolibrary.org/obo/MS_1001348
http://graph/subwf/309	http://purl.obolibrary.org/obo/MS_1000240;http://purl.obolibrary.org/obo/MS_1001348
http://graph/subwf/310	http://purl.obolibrary.org/obo/MS_1000240;http://purl.obolibrary.org/obo/MS_1001348
http://graph/subwf/311	http://purl.obolibrary.org/obo/MS_1000240;http://purl.obolibrary.org/obo/MS_1001348
http://graph/subwf/312	http://purl.obolibrary.org/obo/MS_1000240;http://purl.obolibrary.org/obo/MS_1001348
http://graph/subwf/313	http://purl.obolibrary.org/obo/MS_1000882
http://graph/subwf/314	http://purl.obolibrary.org/obo/MS_1000882
http://graph/subwf/315	http://purl.obolibrary.org/obo/MS_1000882
http://graph/subwf/316	http://purl.obolibrary.org/obo/MS_1000882
http://graph/subwf/317	http://purl.obolibrary.org/obo/MS_1000882
http://graph/subwf/318	http://purl.obolibrary.org/obo/MS_1000882
http://graph/subwf/319	http://purl.obolibrary.org/obo/MS_1000882
http://graph/subwf/320	http://purl.obolibrary.org/obo/MS_1000882
http://graph/subwf/321	http://purl.obolibrary.org/obo/MS_1000882
http://graph/subwf/322	http://purl.obolibrary.org/obo/MS_1000882
http://graph/subwf/323	http://purl.obolibrary.org/obo/MS_1000882
http://graph/subwf/324	http://purl.obolibrary.org/obo/MS_1000882
http://graph/subwf/325	http://purl.obolibrary.org/obo/MS_1000240
http://graph/subwf/326	http://purl.obolibrary.org/obo/MS_1000240
http://graph/subwf/327	http://purl.obolibrary.org/obo/MS_1000240
http://graph/subwf/328	http://purl.obolibrary.org/obo/MS_1000240
http://graph/subwf/329	http://purl.obolibrary.org/obo/MS_1000240
http://graph/subwf/330	http://purl.obolibrary.org/obo/MS_1000882
http://graph/subwf/331	http://purl.obolibrary.org/obo/MS_1000882
http://graph/subwf/332	http://purl.obolibrary.org/obo/MS_1000882
http://graph/subwf/333	http://purl.obolibrary.org/obo/MS_1000882
http://graph/subwf/334	http://purl.obolibrary.org/obo/MS_1000882
http://graph/subwf/335	http://purl.obolibrary.org/obo/MS_1000882
http://graph/subwf/336	http://purl.obolibrary.org/obo/MS_1000882
http://graph/subwf/337	http://purl.obolibrary.org/obo/MS_1000882
http://graph/subwf/338	http://purl.obolibrary.org/obo/MS_1000882
http://graph/subwf/339	http://purl.obolibrary.org/obo/MS_1000882
http://graph/subwf/340	http://purl.obolibrary.org/obo/MS_1000882
http://graph/subwf/341	http://purl.obolibrary.org/obo/MS_1000441
http://graph/subwf/342	http://purl.obolibrary.org/obo/MS_1000441
http://graph/subwf/343	http://purl.obolibrary.org/obo/MS_1000882
http://graph/subwf/344	http://purl.obolibrary.org/obo/MS_1000441
http://graph/subwf/345	http://purl.obolibrary.org/obo/MS_1000441
http://graph/subwf/346	http://purl.obolibrary.org/obo/MS_1000882
http://graph/subwf/347	http://purl.obolibrary.org/obo/MS_1000882
http://graph/subwf/348	http://purl.obolibrary.org/obo/MS_1000882
http://graph/subwf/349	http://purl.obolibrary.org/obo/MS_1000882
http://graph/subwf/350	http://purl.obolibrary.org/obo/MS_1000882
http://graph/subwf/351	http://purl.obolibrary.org/obo/MS_1000882
http://graph/subwf/352	http://purl.obolibrary.org/obo/MS_1000882
http://graph/subwf/353	http://purl.obolibrary.org/obo/MS_1000882
http://graph/subwf/354	http://purl.obolibrary.org/obo/MS_1000882
http://graph/subwf/355	http://purl.obolibrary.org/obo/MS_1000882
http://graph/subwf/356	http://purl.obolibrary.org/obo/MS_1000882
http://graph/subwf/357	http://purl.obolibrary.org/obo/MS_1000882
http://graph/subwf/358	http://purl.obolibrary.org/obo/MS_1000882
http://graph/subwf/359	http://purl.obolibrary.org/obo/MS_1000882
http://graph/subwf/360	http://purl.obolibrary.org/obo/MS_1000014
http://graph/subwf/361	http://purl.obolibrary.org/obo/MS_1000882
http://graph/subwf/362	http://purl.obolibrary.org/obo/MS_1000882
http://graph/subwf/363	http://purl.obolibrary.org/obo/MS_1000882
http://graph/subwf/364	http://purl.obolibrary.org/obo/MS_1000882
http://graph/subwf/365	http://purl.obolibrary.org/obo/MS_1000882
http://graph/subwf/366	http://purl.obolibrary.org/obo/MS_1000882
http://graph/subwf/367	http://purl.obolibrary.org/obo/MS_1000882
http://graph/subwf/368	http://purl.obolibrary.org/obo/MS_1000882
http://graph/subwf/369	http://purl.obolibrary.org/obo/MS_1000882
http://graph/subwf/370	http://purl.obolibrary.org/obo/MS_1000882
http://graph/subwf/371	http://purl.obolibrary.org/obo/MS_1000882
http://graph/subwf/372	http://purl.obolibrary.org/obo/MS_1000882
http://graph/subwf/373	http://purl.obolibrary.org/obo/MS_1000882
http://graph/subwf/374	http://purl.obolibrary.org/obo/MS_1000014
http://graph/subwf/375	http://purl.obolibrary.org/obo/MS_1000882
http://graph/subwf/376	http://purl.obolibrary.org/obo/MS_1000882
http://graph/subwf/377	http://purl.obolibrary.org/obo/MS_1000014
http://graph/subwf/378	http://purl.obolibrary.org/obo/MS_1000882
http://graph/subwf/379	http://purl.obolibrary.org/obo/MS_1000882
http://graph/subwf/380	http://purl.obolibrary.org/obo/MS_1000882
http://graph/subwf/381	http://purl.obolibrary.org/obo/MS_1000882
http://graph/subwf/382	http://purl.obolibrary.org/obo/MS_1000882
http://graph/subwf/383	http://purl.obolibrary.org/obo/MS_1000882
http://graph/subwf/384	http://purl.obolibrary.org/obo/MS_1000882
http://graph/subwf/385	http://purl.obolibrary.org/obo/MS_1000882
http://graph/subwf/386	http://purl.obolibrary.org/obo/MS_1000882
http://graph/subwf/387	http://purl.obolibrary.org/obo/MS_1000882
http://graph/subwf/388	http://purl.obolibrary.org/obo/MS_1000882
http://graph/subwf/389	http://purl.obolibrary.org/obo/MS_1000882
http://graph/subwf/390	http://purl.obolibrary.org/obo/MS_1000882
http://graph/subwf/391	http://purl.obolibrary.org/obo/MS_1000882
http://graph/subwf/392	http://purl.obolibrary.org/obo/MS_1000882
http://graph/subwf/393	http://purl.obolibrary.org/obo/MS_1000882
http://graph/subwf/394	http://purl.obolibrary.org/obo/MS_1000882
http://graph/subwf/395	http://purl.obolibrary.org/obo/MS_1000882
http://graph/subwf/396	http://purl.obolibrary.org/obo/MS_1000882
http://graph/subwf/397	http://purl.obolibrary.org/obo/MS_1000882
http://graph/subwf/398	http://purl.obolibrary.org/obo/MS_1000882
http://graph/subwf/399	http://purl.obolibrary.org/obo/MS_1000882
http://graph/subwf/400	http://purl.obolibrary.org/obo/MS_1000882
http://graph/subwf/401	http://purl.obolibrary.org/obo/MS_1000882
http://graph/subwf/402	http://purl.obolibrary.org/obo/MS_1000882
http://graph/subwf/403	http://purl.obolibrary.org/obo/MS_1000882
http://graph/subwf/404	http://purl.obolibrary.org/obo/MS_1000882
http://graph/subwf/405	http://purl.obolibrary.org/obo/MS_1000882
http://graph/subwf/406	http://purl.obolibrary.org/obo/MS_1000882
http://graph/subwf/407	http://purl.obolibrary.org/obo/MS_1000882
http://graph/subwf/408	http://purl.obolibrary.org/obo/MS_1000882
http://graph/subwf/409	http://purl.obolibrary.org/obo/MS_1000882
http://graph/subwf/410	http://purl.obolibrary.org/obo/MS_1000882
http://graph/subwf/411	http://purl.obolibrary.org/obo/MS_1000882
http://graph/subwf/412	http://purl.obolibrary.org/obo/MS_1000882
http://graph/subwf/413	http://purl.obolibrary.org/obo/MS_1000882
http://graph/subwf/414	http://purl.obolibrary.org/obo/MS_1000882
http://graph/subwf/415	http://purl.obolibrary.org/obo/MS_1000882
http://graph/subwf/416	http://purl.obolibrary.org/obo/MS_1000882
http://graph/subwf/417	http://purl.obolibrary.org/obo/MS_1000882
http://graph/subwf/418	http://purl.obolibrary.org/obo/MS_1000882
http://graph/subwf/419	http://purl.obolibrary.org/obo/MS_1000882
http://graph/subwf/420	http://purl.obolibrary.org/obo/MS_1000882
http://graph/subwf/421	http://purl.obolibrary.org/obo/MS_1000882
http://graph/subwf/422	http://purl.obolibrary.org/obo/MS_1000882
http://graph/subwf/423	http://purl.obolibrary.org/obo/MS_1000882
http://graph/subwf/424	http://purl.obolibrary.org/obo/MS_1000882
http://graph/subwf/425	http://purl.obolibrary.org/obo/MS_1000882
http://graph/subwf/426	http://purl.obolibrary.org/obo/MS_1000882
http://graph/subwf/427	http://purl.obolibrary.org/obo/MS_1000882
http://graph/subwf/428	http://purl.obolibrary.org/obo/MS_1000882
http://graph/subwf/429	http://purl.obolibrary.org/obo/MS_1000882
http://graph/subwf/430	http://purl.obolibrary.org/obo/MS_1000882
http://graph/subwf/431	http://purl.obolibrary.org/obo/MS_1000882
http://graph/subwf/432	http://purl.obolibrary.org/obo/MS_1000882
http://graph/subwf/433	http://purl.obolibrary.org/obo/MS_1000882
http://graph/subwf/434	http://purl.obolibrary.org/obo/MS_1000882
http://graph/subwf/435	http://purl.obolibrary.org/obo/MS_1000882
http://graph/subwf/436	http://purl.obolibrary.org/obo/MS_1000882
http://graph/subwf/437	http://purl.obolibrary.org/obo/MS_1000441
http://graph/subwf/438	http://purl.obolibrary.org/obo/MS_1000441
http://graph/subwf/439	http://purl.obolibrary.org/obo/MS_1000882
http://graph/subwf/440	http://purl.obolibrary.org/obo/MS_1000441
http://graph/subwf/441	http://purl.obolibrary.org/obo/MS_1000441
http://graph/subwf/442	http://purl.obolibrary.org/obo/MS_1000882;http://purl.obolibrary.org/obo/MS_1001796
http://graph/subwf/443	http://purl.obolibrary.org/obo/MS_1000240
http://graph/subwf/444	http://purl.obolibrary.org/obo/MS_1000882
http://graph/subwf/445	http://purl.obolibrary.org/obo/MS_1000882
http://graph/subwf/446	http://purl.obolibrary.org/obo/MS_1000882
http://graph/subwf/447	http://purl.obolibrary.org/obo/MS_1000882
http://graph/subwf/448	http://purl.obolibrary.org/obo/MS_1000882
http://graph/subwf/449	http://purl.obolibrary.org/obo/MS_1000882
http://graph/subwf/450	http://purl.obolibrary.org/obo/MS_1000882
http://graph/subwf/451	http://purl.obolibrary.org/obo/MS_1000882
http://graph/subwf/452	http://purl.obolibrary.org/obo/MS_1000882
http://graph/subwf/453	http://purl.obolibrary.org/obo/MS_1000882
http://graph/subwf/454	http://purl.obolibrary.org/obo/MS_1000882
http://graph/subwf/455	http://purl.obolibrary.org/obo/MS_1000882
http://graph/subwf/456	http://purl.obolibrary.org/obo/MS_1000882
http://graph/subwf/457	http://purl.obolibrary.org/obo/MS_1000882
http://graph/subwf/458	http://purl.obolibrary.org/obo/MS_1000458;http://purl.obolibrary.org/obo/MS_1000859;http://purl.obolibrary.org/obo/MS_1000882;http://purl.obolibrary.org/obo/MS_1000934
http://graph/subwf/459	http://purl.obolibrary.org/obo/MS_1000934
http://graph/subwf/460	http://purl.obolibrary.org/obo/MS_1000458;http://purl.obolibrary.org/obo/MS_1000859;http://purl.obolibrary.org/obo/MS_1000882;http://purl.obolibrary.org/obo/MS_1000934
http://graph/subwf/461	http://purl.obolibrary.org/obo/MS_1000908
http://graph/subwf/462	http://purl.obolibrary.org/obo/MS_1000908
http://graph/subwf/463	http://purl.obolibrary.org/obo/MS_1000908
http://graph/subwf/464	http://purl.obolibrary.org/obo/MS_1000908
http://graph/subwf/465	http://purl.obolibrary.org/obo/MS_1000908
http://graph/subwf/466	http://purl.obolibrary.org/obo/MS_1000908
http://graph/subwf/467	http://purl.obolibrary.org/obo/MS_1000908
http://graph/subwf/468	http://purl.obolibrary.org/obo/MS_1000882
http://graph/subwf/469	http://purl.obolibrary.org/obo/MS_1000882
http://graph/subwf/470	http://purl.obolibrary.org/obo/MS_1000882
http://graph/subwf/471	http://purl.obolibrary.org/obo/MS_1000882
http://graph/subwf/472	http://purl.obolibrary.org/obo/MS_1000882
http://graph/subwf/473	http://purl.obolibrary.org/obo/MS_1000882
http://graph/subwf/474	http://purl.obolibrary.org/obo/MS_1000882
http://graph/subwf/475	http://purl.obolibrary.org/obo/MS_1000882
http://graph/subwf/476	http://purl.obolibrary.org/obo/MS_1000882
http://graph/subwf/477	http://purl.obolibrary.org/obo/MS_1000882
http://graph/subwf/478	http://purl.obolibrary.org/obo/MS_1000882
http://graph/subwf/479	http://purl.obolibrary.org/obo/MS_1000882
http://graph/subwf/480	http://purl.obolibrary.org/obo/MS_1000882
http://graph/subwf/481	http://purl.obolibrary.org/obo/MS_1000882
http://graph/subwf/482	http://purl.obolibrary.org/obo/MS_1000882
http://graph/subwf/483	http://purl.obolibrary.org/obo/MS_1000882
http://graph/subwf/484	http://purl.obolibrary.org/obo/MS_1000882
http://graph/subwf/485	http://purl.obolibrary.org/obo/MS_1000279
http://graph/subwf/486	http://purl.obolibrary.org/obo/MS_1000279
http://graph/subwf/487	http://purl.obolibrary.org/obo/MS_1000882
http://graph/subwf/488	http://purl.obolibrary.org/obo/MS_1000882
http://graph/subwf/489	http://purl.obolibrary.org/obo/MS_1000882
http://graph/subwf/490	http://purl.obolibrary.org/obo/MS_1000882
http://graph/subwf/491	http://purl.obolibrary.org/obo/MS_1000882
http://graph/subwf/492	http://purl.obolibrary.org/obo/MS_1000882
http://graph/subwf/493	http://purl.obolibrary.org/obo/MS_1000882
