http://graph/subwf/1	http://www.ifomis.org/bfo/1.1/snap#Object
http://graph/subwf/2	http://purl.obolibrary.org/obo/IAO_0000101
http://graph/subwf/3	http://www.ifomis.org/bfo/1.1/snap#Object;http://purl.obolibrary.org/obo/IAO_0000101
http://graph/subwf/4	http://purl.obolibrary.org/obo/IAO_0000300
http://graph/subwf/5	http://purl.obolibrary.org/obo/IAO_0000027;http://purl.obolibrary.org/obo/IAO_0000010
http://graph/subwf/6	http://purl.obolibrary.org/obo/IAO_0000101
http://graph/subwf/7	http://purl.obolibrary.org/obo/IAO_0000101
http://graph/subwf/8	http://purl.obolibrary.org/obo/IAO_0000027;http://purl.obolibrary.org/obo/IAO_0000010
http://graph/subwf/9	http://www.ifomis.org/bfo/1.1/snap#Function
http://graph/subwf/10	http://purl.obolibrary.org/obo/IAO_0000027;http://purl.obolibrary.org/obo/IAO_0000010
http://graph/subwf/11	http://purl.obolibrary.org/obo/IAO_0000027;http://purl.obolibrary.org/obo/IAO_0000010
http://graph/subwf/12	http://purl.obolibrary.org/obo/IAO_0000101
http://graph/subwf/13	http://purl.obolibrary.org/obo/IAO_0000027;http://www.ifomis.org/bfo/1.1/snap#Object
http://graph/subwf/14	http://www.ifomis.org/bfo/1.1/snap#Object
http://graph/subwf/15	http://purl.obolibrary.org/obo/IAO_0000101;http://www.ifomis.org/bfo/1.1/snap#Object;http://purl.obolibrary.org/obo/IAO_0000309
http://graph/subwf/16	http://purl.obolibrary.org/obo/IAO_0000027;http://purl.obolibrary.org/obo/IAO_0000101;http://www.ifomis.org/bfo/1.1/snap#Object;http://purl.obolibrary.org/obo/IAO_0000309
http://graph/subwf/17	http://purl.obolibrary.org/obo/IAO_0000027;http://www.ifomis.org/bfo/1.1/snap#Object
http://graph/subwf/18	http://purl.obolibrary.org/obo/IAO_0000027;http://www.ifomis.org/bfo/1.1/snap#Object;http://purl.obolibrary.org/obo/IAO_0000101;http://purl.obolibrary.org/obo/IAO_0000309
http://graph/subwf/19	http://purl.obolibrary.org/obo/IAO_0000027;http://purl.obolibrary.org/obo/IAO_0000101;http://www.ifomis.org/bfo/1.1/snap#Object;http://purl.obolibrary.org/obo/IAO_0000309
http://graph/subwf/20	http://www.ifomis.org/bfo/1.1/snap#Object;http://purl.obolibrary.org/obo/IAO_0000101;http://purl.obolibrary.org/obo/IAO_0000309
http://graph/subwf/21	http://www.ifomis.org/bfo/1.1/snap#Function
http://graph/subwf/22	http://www.ifomis.org/bfo/1.1/snap#Function
http://graph/subwf/23	http://www.ifomis.org/bfo/1.1/snap#Function
http://graph/subwf/24	http://www.ifomis.org/bfo/1.1/snap#Function
http://graph/subwf/25	http://www.ifomis.org/bfo/1.1#Entity;http://purl.obolibrary.org/obo/IAO_0000300
http://graph/subwf/26	http://www.ifomis.org/bfo/1.1#Entity;http://purl.obolibrary.org/obo/IAO_0000300
http://graph/subwf/27	http://www.ifomis.org/bfo/1.1#Entity;http://purl.obolibrary.org/obo/IAO_0000300
http://graph/subwf/28	http://www.ifomis.org/bfo/1.1#Entity;http://purl.obolibrary.org/obo/IAO_0000300
http://graph/subwf/29	http://purl.obolibrary.org/obo/IAO_0000306;http://purl.obolibrary.org/obo/IAO_0000300
http://graph/subwf/30	http://www.ifomis.org/bfo/1.1/snap#Object
http://graph/subwf/31	http://www.ifomis.org/bfo/1.1/snap#Object
http://graph/subwf/32	http://purl.obolibrary.org/obo/IAO_0000064
http://graph/subwf/33	http://purl.obolibrary.org/obo/IAO_0000064
http://graph/subwf/34	http://purl.obolibrary.org/obo/IAO_0000064
http://graph/subwf/35	http://purl.obolibrary.org/obo/IAO_0000064;http://www.ifomis.org/bfo/1.1/snap#Object
http://graph/subwf/36	http://purl.obolibrary.org/obo/IAO_0000064;http://www.ifomis.org/bfo/1.1/snap#Object
http://graph/subwf/37	http://www.ifomis.org/bfo/1.1/snap#Object
http://graph/subwf/38	http://www.ifomis.org/bfo/1.1/snap#Object
http://graph/subwf/39	http://purl.obolibrary.org/obo/IAO_0000064
http://graph/subwf/40	http://purl.obolibrary.org/obo/IAO_0000064
http://graph/subwf/41	http://purl.obolibrary.org/obo/IAO_0000064;http://www.ifomis.org/bfo/1.1/snap#Object
http://graph/subwf/42	http://purl.obolibrary.org/obo/IAO_0000064;http://www.ifomis.org/bfo/1.1/snap#Object
http://graph/subwf/43	http://www.ifomis.org/bfo/1.1/snap#Object
http://graph/subwf/44	http://www.ifomis.org/bfo/1.1/snap#Object
http://graph/subwf/45	http://www.ifomis.org/bfo/1.1/snap#Object
http://graph/subwf/46	http://purl.obolibrary.org/obo/IAO_0000064
http://graph/subwf/47	http://purl.obolibrary.org/obo/IAO_0000064;http://www.ifomis.org/bfo/1.1/snap#Object
http://graph/subwf/48	http://purl.obolibrary.org/obo/IAO_0000064;http://www.ifomis.org/bfo/1.1/snap#Object
http://graph/subwf/49	http://purl.obolibrary.org/obo/IAO_0000064;http://www.ifomis.org/bfo/1.1/snap#Object
http://graph/subwf/50	http://purl.obolibrary.org/obo/IAO_0000064;http://www.ifomis.org/bfo/1.1/snap#Object
http://graph/subwf/51	http://purl.obolibrary.org/obo/IAO_0000064;http://www.ifomis.org/bfo/1.1/snap#Object
http://graph/subwf/52	http://www.ifomis.org/bfo/1.1/span#Process;http://purl.org/obo/owl/PATO#PATO_0000125
http://graph/subwf/53	http://purl.obolibrary.org/obo/IAO_0000101
http://graph/subwf/54	http://www.ifomis.org/bfo/1.1/snap#Object
http://graph/subwf/55	http://purl.obolibrary.org/obo/IAO_0000101;http://www.ifomis.org/bfo/1.1/snap#Object
http://graph/subwf/56	http://www.ifomis.org/bfo/1.1/snap#Object
http://graph/subwf/57	http://www.ifomis.org/bfo/1.1/snap#Object
http://graph/subwf/58	http://www.ifomis.org/bfo/1.1/snap#Object
http://graph/subwf/59	http://www.ifomis.org/bfo/1.1/snap#Object;http://purl.obolibrary.org/obo/IAO_0000027
http://graph/subwf/60	http://purl.obolibrary.org/obo/IAO_0000027
http://graph/subwf/61	http://purl.obolibrary.org/obo/IAO_0000101
http://graph/subwf/62	http://purl.obolibrary.org/obo/IAO_0000101;http://purl.obolibrary.org/obo/IAO_0000027
http://graph/subwf/63	http://purl.obolibrary.org/obo/IAO_0000027
http://graph/subwf/64	http://purl.obolibrary.org/obo/IAO_0000027;http://purl.obolibrary.org/obo/IAO_0000300
http://graph/subwf/65	http://purl.obolibrary.org/obo/IAO_0000027
http://graph/subwf/66	http://purl.obolibrary.org/obo/IAO_0000027;http://www.ifomis.org/bfo/1.1/snap#Object
http://graph/subwf/67	http://purl.obolibrary.org/obo/IAO_0000027
http://graph/subwf/68	http://purl.obolibrary.org/obo/IAO_0000027;http://purl.obolibrary.org/obo/IAO_0000300
http://graph/subwf/69	http://purl.obolibrary.org/obo/IAO_0000027
http://graph/subwf/70	http://purl.obolibrary.org/obo/IAO_0000027;http://www.ifomis.org/bfo/1.1/snap#Object
http://graph/subwf/71	http://purl.obolibrary.org/obo/IAO_0000027;http://www.ifomis.org/bfo/1.1/snap#Object
http://graph/subwf/72	http://purl.obolibrary.org/obo/IAO_0000027
http://graph/subwf/73	http://purl.obolibrary.org/obo/IAO_0000027
http://graph/subwf/74	http://purl.obolibrary.org/obo/IAO_0000027;http://purl.obolibrary.org/obo/IAO_0000311
http://graph/subwf/75	http://purl.obolibrary.org/obo/IAO_0000027;http://www.ifomis.org/bfo/1.1/snap#Object
http://graph/subwf/76	http://www.ifomis.org/bfo/1.1/snap#Object
http://graph/subwf/77	http://www.ifomis.org/bfo/1.1/snap#Object;http://purl.obolibrary.org/obo/IAO_0000027
http://graph/subwf/78	http://www.ifomis.org/bfo/1.1/snap#Object
http://graph/subwf/79	http://www.ifomis.org/bfo/1.1/snap#Object
http://graph/subwf/80	http://www.ifomis.org/bfo/1.1/snap#Object;http://purl.obolibrary.org/obo/IAO_0000027
http://graph/subwf/81	http://www.ifomis.org/bfo/1.1/snap#Object;http://purl.obolibrary.org/obo/IAO_0000027
http://graph/subwf/82	http://www.ifomis.org/bfo/1.1/snap#Object;http://purl.obolibrary.org/obo/IAO_0000027
http://graph/subwf/83	http://www.ifomis.org/bfo/1.1/snap#Object
http://graph/subwf/84	http://www.ifomis.org/bfo/1.1/snap#Object;http://purl.obolibrary.org/obo/IAO_0000027
http://graph/subwf/85	http://www.ifomis.org/bfo/1.1/snap#Object;http://purl.obolibrary.org/obo/IAO_0000027;http://purl.obolibrary.org/obo/IAO_0000311
http://graph/subwf/86	http://www.ifomis.org/bfo/1.1/snap#Object;http://purl.obolibrary.org/obo/IAO_0000027
http://graph/subwf/87	http://purl.obolibrary.org/obo/IAO_0000027
http://graph/subwf/88	http://purl.obolibrary.org/obo/IAO_0000027
http://graph/subwf/89	http://purl.obolibrary.org/obo/IAO_0000027
http://graph/subwf/90	http://purl.obolibrary.org/obo/IAO_0000101;http://purl.obolibrary.org/obo/IAO_0000027
http://graph/subwf/91	http://purl.obolibrary.org/obo/IAO_0000101;http://purl.obolibrary.org/obo/IAO_0000027
http://graph/subwf/92	http://purl.obolibrary.org/obo/IAO_0000101;http://purl.obolibrary.org/obo/IAO_0000027
http://graph/subwf/93	http://purl.obolibrary.org/obo/IAO_0000027;http://purl.obolibrary.org/obo/IAO_0000300
http://graph/subwf/94	http://purl.obolibrary.org/obo/IAO_0000027;http://www.ifomis.org/bfo/1.1/snap#Object
http://graph/subwf/95	http://purl.obolibrary.org/obo/IAO_0000027;http://purl.obolibrary.org/obo/IAO_0000300
http://graph/subwf/96	http://purl.obolibrary.org/obo/IAO_0000027;http://purl.obolibrary.org/obo/IAO_0000300
http://graph/subwf/97	http://purl.obolibrary.org/obo/IAO_0000027;http://www.ifomis.org/bfo/1.1/snap#Object
http://graph/subwf/98	http://purl.obolibrary.org/obo/IAO_0000027;http://www.ifomis.org/bfo/1.1/snap#Object
http://graph/subwf/99	http://purl.obolibrary.org/obo/IAO_0000027
http://graph/subwf/100	http://purl.obolibrary.org/obo/IAO_0000027
http://graph/subwf/101	http://purl.obolibrary.org/obo/IAO_0000027
http://graph/subwf/102	http://purl.obolibrary.org/obo/IAO_0000027;http://www.ifomis.org/bfo/1.1/snap#Object
http://graph/subwf/103	http://www.ifomis.org/bfo/1.1/snap#Object
http://graph/subwf/104	http://purl.obolibrary.org/obo/IAO_0000027
http://graph/subwf/105	http://purl.obolibrary.org/obo/IAO_0000027;http://www.ifomis.org/bfo/1.1/snap#Object
http://graph/subwf/106	http://purl.obolibrary.org/obo/IAO_0000027;http://www.ifomis.org/bfo/1.1/snap#Object
http://graph/subwf/107	http://purl.obolibrary.org/obo/IAO_0000027
http://graph/subwf/108	http://purl.obolibrary.org/obo/IAO_0000027;http://www.ifomis.org/bfo/1.1/snap#Object
http://graph/subwf/109	http://purl.obolibrary.org/obo/IAO_0000027;http://www.ifomis.org/bfo/1.1/snap#Object
http://graph/subwf/110	http://www.ifomis.org/bfo/1.1/snap#Object
http://graph/subwf/111	http://purl.obolibrary.org/obo/IAO_0000309
http://graph/subwf/112	http://purl.obolibrary.org/obo/IAO_0000309
http://graph/subwf/113	http://purl.obolibrary.org/obo/IAO_0000064
http://graph/subwf/114	http://purl.obolibrary.org/obo/IAO_0000064
http://graph/subwf/115	http://purl.obolibrary.org/obo/IAO_0000064
http://graph/subwf/116	http://purl.obolibrary.org/obo/IAO_0000309
http://graph/subwf/117	http://purl.obolibrary.org/obo/IAO_0000309;http://purl.obolibrary.org/obo/IAO_0000064
http://graph/subwf/118	http://purl.obolibrary.org/obo/IAO_0000309;http://purl.obolibrary.org/obo/IAO_0000064
http://graph/subwf/119	http://purl.obolibrary.org/obo/IAO_0000064
http://graph/subwf/120	http://purl.obolibrary.org/obo/IAO_0000064
http://graph/subwf/121	http://purl.obolibrary.org/obo/IAO_0000028;http://www.ifomis.org/bfo/1.1/snap#Object;http://purl.obolibrary.org/obo/IAO_0000027
http://graph/subwf/122	http://purl.obolibrary.org/obo/IAO_0000028;http://www.ifomis.org/bfo/1.1/snap#Object
http://graph/subwf/123	http://purl.obolibrary.org/obo/IAO_0000028;http://www.ifomis.org/bfo/1.1/snap#Object
http://graph/subwf/124	http://purl.obolibrary.org/obo/IAO_0000028;http://www.ifomis.org/bfo/1.1/snap#Object;http://purl.obolibrary.org/obo/IAO_0000027
http://graph/subwf/125	http://purl.obolibrary.org/obo/IAO_0000028;http://www.ifomis.org/bfo/1.1/snap#Object;http://purl.obolibrary.org/obo/IAO_0000027
http://graph/subwf/126	http://purl.obolibrary.org/obo/IAO_0000028;http://www.ifomis.org/bfo/1.1/snap#Object
http://graph/subwf/127	http://purl.obolibrary.org/obo/IAO_0000028;http://purl.obolibrary.org/obo/IAO_0000027;http://www.ifomis.org/bfo/1.1/snap#Object
http://graph/subwf/128	http://purl.obolibrary.org/obo/IAO_0000028;http://purl.obolibrary.org/obo/IAO_0000027;http://www.ifomis.org/bfo/1.1/snap#Object
http://graph/subwf/129	http://purl.obolibrary.org/obo/IAO_0000028;http://purl.obolibrary.org/obo/IAO_0000027
http://graph/subwf/130	http://purl.obolibrary.org/obo/IAO_0000028;http://purl.obolibrary.org/obo/IAO_0000027;http://www.ifomis.org/bfo/1.1/snap#Object
http://graph/subwf/131	http://purl.obolibrary.org/obo/IAO_0000027;http://purl.obolibrary.org/obo/IAO_0000028
http://graph/subwf/132	http://www.ifomis.org/bfo/1.1/snap#Object;http://purl.obolibrary.org/obo/IAO_0000028
http://graph/subwf/133	http://purl.obolibrary.org/obo/IAO_0000028;http://www.ifomis.org/bfo/1.1/snap#Object
http://graph/subwf/134	http://purl.obolibrary.org/obo/IAO_0000027;http://www.ifomis.org/bfo/1.1/snap#Object;http://purl.obolibrary.org/obo/IAO_0000028
http://graph/subwf/135	http://purl.obolibrary.org/obo/IAO_0000027;http://purl.obolibrary.org/obo/IAO_0000028;http://www.ifomis.org/bfo/1.1/snap#Object
http://graph/subwf/136	http://www.ifomis.org/bfo/1.1/snap#Object;http://purl.obolibrary.org/obo/IAO_0000028
http://graph/subwf/137	http://purl.obolibrary.org/obo/IAO_0000027;http://purl.obolibrary.org/obo/IAO_0000101
http://graph/subwf/138	http://purl.obolibrary.org/obo/IAO_0000027
http://graph/subwf/139	http://purl.obolibrary.org/obo/IAO_0000101
http://graph/subwf/140	http://www.ifomis.org/bfo/1.1/snap#Object
http://graph/subwf/141	http://purl.obolibrary.org/obo/IAO_0000027;http://purl.obolibrary.org/obo/IAO_0000101
http://graph/subwf/142	http://purl.obolibrary.org/obo/IAO_0000027;http://purl.obolibrary.org/obo/IAO_0000101
http://graph/subwf/143	http://purl.obolibrary.org/obo/IAO_0000027;http://www.ifomis.org/bfo/1.1/snap#Object
http://graph/subwf/144	http://purl.obolibrary.org/obo/IAO_0000101;http://www.ifomis.org/bfo/1.1/snap#Object
http://graph/subwf/145	http://www.ifomis.org/bfo/1.1/snap#Quality;http://purl.obolibrary.org/obo/IAO_0000027
http://graph/subwf/146	http://www.ifomis.org/bfo/1.1/snap#Object
http://graph/subwf/147	http://www.ifomis.org/bfo/1.1/snap#Quality;http://purl.obolibrary.org/obo/IAO_0000027
http://graph/subwf/148	http://www.ifomis.org/bfo/1.1/snap#Quality;http://purl.obolibrary.org/obo/IAO_0000027
http://graph/subwf/149	http://purl.obolibrary.org/obo/IAO_0000027;http://www.ifomis.org/bfo/1.1/snap#Object
http://graph/subwf/150	http://purl.obolibrary.org/obo/IAO_0000027;http://www.ifomis.org/bfo/1.1/snap#Object;http://www.ifomis.org/bfo/1.1/snap#Quality
http://graph/subwf/151	http://www.ifomis.org/bfo/1.1/snap#Quality;http://purl.obolibrary.org/obo/IAO_0000027
http://graph/subwf/152	http://purl.obolibrary.org/obo/IAO_0000027;http://www.ifomis.org/bfo/1.1/snap#Quality
http://graph/subwf/153	http://www.ifomis.org/bfo/1.1/snap#Object;http://www.ifomis.org/bfo/1.1/snap#Quality;http://purl.obolibrary.org/obo/IAO_0000027
http://graph/subwf/154	http://www.ifomis.org/bfo/1.1/snap#Object
http://graph/subwf/155	http://www.ifomis.org/bfo/1.1/snap#Quality;http://purl.obolibrary.org/obo/IAO_0000027
http://graph/subwf/156	http://www.ifomis.org/bfo/1.1/snap#Quality;http://purl.obolibrary.org/obo/IAO_0000027
http://graph/subwf/157	http://purl.obolibrary.org/obo/IAO_0000027;http://www.ifomis.org/bfo/1.1/snap#Object;http://www.ifomis.org/bfo/1.1/snap#Quality
http://graph/subwf/158	http://www.ifomis.org/bfo/1.1/snap#Quality;http://purl.obolibrary.org/obo/IAO_0000027
http://graph/subwf/159	http://purl.obolibrary.org/obo/IAO_0000027;http://www.ifomis.org/bfo/1.1/snap#Quality
http://graph/subwf/160	http://www.ifomis.org/bfo/1.1/snap#Object;http://www.ifomis.org/bfo/1.1/snap#Quality;http://purl.obolibrary.org/obo/IAO_0000027
http://graph/subwf/161	http://www.ifomis.org/bfo/1.1/snap#Object;http://www.ifomis.org/bfo/1.1/snap#Quality;http://purl.obolibrary.org/obo/IAO_0000027
http://graph/subwf/162	http://www.ifomis.org/bfo/1.1/snap#Object
http://graph/subwf/163	http://www.ifomis.org/bfo/1.1/snap#Quality;http://purl.obolibrary.org/obo/IAO_0000027
http://graph/subwf/164	http://purl.obolibrary.org/obo/IAO_0000027;http://www.ifomis.org/bfo/1.1/snap#Object;http://www.ifomis.org/bfo/1.1/snap#Quality
http://graph/subwf/165	http://www.ifomis.org/bfo/1.1/snap#Quality;http://purl.obolibrary.org/obo/IAO_0000027
http://graph/subwf/166	http://purl.obolibrary.org/obo/IAO_0000027;http://www.ifomis.org/bfo/1.1/snap#Quality
http://graph/subwf/167	http://www.ifomis.org/bfo/1.1/snap#Object;http://www.ifomis.org/bfo/1.1/snap#Quality;http://purl.obolibrary.org/obo/IAO_0000027
http://graph/subwf/168	http://purl.obolibrary.org/obo/IAO_0000027;http://www.ifomis.org/bfo/1.1/snap#Object;http://www.ifomis.org/bfo/1.1/snap#Quality
http://graph/subwf/169	http://www.ifomis.org/bfo/1.1/snap#Quality;http://purl.obolibrary.org/obo/IAO_0000027
http://graph/subwf/170	http://purl.obolibrary.org/obo/IAO_0000027;http://www.ifomis.org/bfo/1.1/snap#Quality
http://graph/subwf/171	http://www.ifomis.org/bfo/1.1/snap#Object;http://www.ifomis.org/bfo/1.1/snap#Quality;http://purl.obolibrary.org/obo/IAO_0000027
http://graph/subwf/172	http://www.ifomis.org/bfo/1.1/snap#Quality;http://purl.obolibrary.org/obo/IAO_0000027;http://www.ifomis.org/bfo/1.1/snap#Object
http://graph/subwf/173	http://purl.obolibrary.org/obo/IAO_0000027;http://www.ifomis.org/bfo/1.1/snap#Object;http://www.ifomis.org/bfo/1.1/snap#Quality
http://graph/subwf/174	http://purl.obolibrary.org/obo/IAO_0000027;http://www.ifomis.org/bfo/1.1/snap#Object;http://www.ifomis.org/bfo/1.1/snap#Quality
http://graph/subwf/175	http://purl.obolibrary.org/obo/IAO_0000027;http://www.ifomis.org/bfo/1.1/snap#Object;http://www.ifomis.org/bfo/1.1/snap#Quality
http://graph/subwf/176	http://purl.obolibrary.org/obo/IAO_0000027;http://www.ifomis.org/bfo/1.1/snap#Quality
http://graph/subwf/177	http://www.ifomis.org/bfo/1.1/snap#Object;http://www.ifomis.org/bfo/1.1/snap#Quality;http://purl.obolibrary.org/obo/IAO_0000027
http://graph/subwf/178	http://purl.obolibrary.org/obo/IAO_0000027;http://www.ifomis.org/bfo/1.1/snap#Object;http://www.ifomis.org/bfo/1.1/snap#Quality
http://graph/subwf/179	http://www.ifomis.org/bfo/1.1/snap#Object;http://www.ifomis.org/bfo/1.1/snap#Quality;http://purl.obolibrary.org/obo/IAO_0000027
http://graph/subwf/180	http://www.ifomis.org/bfo/1.1/snap#Quality;http://purl.obolibrary.org/obo/IAO_0000027
http://graph/subwf/181	http://www.ifomis.org/bfo/1.1/snap#Quality;http://purl.obolibrary.org/obo/IAO_0000027
http://graph/subwf/182	http://purl.obolibrary.org/obo/IAO_0000027;http://www.ifomis.org/bfo/1.1/snap#Object
http://graph/subwf/183	http://www.ifomis.org/bfo/1.1/snap#Object
http://graph/subwf/184	http://www.ifomis.org/bfo/1.1/snap#Object
http://graph/subwf/185	http://www.ifomis.org/bfo/1.1/snap#Object;http://www.ifomis.org/bfo/1.1/snap#Quality;http://purl.obolibrary.org/obo/IAO_0000027
http://graph/subwf/186	http://purl.obolibrary.org/obo/IAO_0000027;http://www.ifomis.org/bfo/1.1/snap#Object;http://www.ifomis.org/bfo/1.1/snap#Quality
http://graph/subwf/187	http://purl.obolibrary.org/obo/IAO_0000027;http://www.ifomis.org/bfo/1.1/snap#Quality
http://graph/subwf/188	http://www.ifomis.org/bfo/1.1/snap#Quality;http://purl.obolibrary.org/obo/IAO_0000027
http://graph/subwf/189	http://www.ifomis.org/bfo/1.1/snap#Quality;http://purl.obolibrary.org/obo/IAO_0000027
http://graph/subwf/190	http://www.ifomis.org/bfo/1.1/snap#Quality;http://purl.obolibrary.org/obo/IAO_0000027
http://graph/subwf/191	http://www.ifomis.org/bfo/1.1/snap#Object;http://www.ifomis.org/bfo/1.1/snap#Quality;http://purl.obolibrary.org/obo/IAO_0000027
http://graph/subwf/192	http://purl.obolibrary.org/obo/IAO_0000027;http://www.ifomis.org/bfo/1.1/snap#Object;http://www.ifomis.org/bfo/1.1/snap#Quality
http://graph/subwf/193	http://purl.obolibrary.org/obo/IAO_0000027;http://www.ifomis.org/bfo/1.1/snap#Quality
http://graph/subwf/194	http://www.ifomis.org/bfo/1.1/snap#Quality;http://purl.obolibrary.org/obo/IAO_0000027
http://graph/subwf/195	http://www.ifomis.org/bfo/1.1/snap#Quality;http://purl.obolibrary.org/obo/IAO_0000027
http://graph/subwf/196	http://www.ifomis.org/bfo/1.1/snap#Object;http://www.ifomis.org/bfo/1.1/snap#Quality;http://purl.obolibrary.org/obo/IAO_0000027
http://graph/subwf/197	http://purl.obolibrary.org/obo/IAO_0000027;http://www.ifomis.org/bfo/1.1/snap#Object;http://www.ifomis.org/bfo/1.1/snap#Quality
http://graph/subwf/198	http://purl.obolibrary.org/obo/IAO_0000027;http://www.ifomis.org/bfo/1.1/snap#Quality
http://graph/subwf/199	http://www.ifomis.org/bfo/1.1/snap#Quality;http://purl.obolibrary.org/obo/IAO_0000027
http://graph/subwf/200	http://www.ifomis.org/bfo/1.1/snap#Quality;http://purl.obolibrary.org/obo/IAO_0000027;http://www.ifomis.org/bfo/1.1/snap#Object
http://graph/subwf/201	http://www.ifomis.org/bfo/1.1/snap#Quality;http://purl.obolibrary.org/obo/IAO_0000027
http://graph/subwf/202	http://www.ifomis.org/bfo/1.1/snap#Object
http://graph/subwf/203	http://www.ifomis.org/bfo/1.1/snap#Object;http://www.ifomis.org/bfo/1.1/snap#Quality;http://purl.obolibrary.org/obo/IAO_0000027
http://graph/subwf/204	http://www.ifomis.org/bfo/1.1/snap#Object;http://purl.obolibrary.org/obo/IAO_0000027;http://www.ifomis.org/bfo/1.1/snap#Quality
http://graph/subwf/205	http://www.ifomis.org/bfo/1.1/snap#Object;http://www.ifomis.org/bfo/1.1/snap#Quality;http://purl.obolibrary.org/obo/IAO_0000027
http://graph/subwf/206	http://www.ifomis.org/bfo/1.1/snap#Object;http://purl.obolibrary.org/obo/IAO_0000027;http://www.ifomis.org/bfo/1.1/snap#Quality
http://graph/subwf/207	http://www.ifomis.org/bfo/1.1/snap#Object;http://www.ifomis.org/bfo/1.1/snap#Quality;http://purl.obolibrary.org/obo/IAO_0000027
http://graph/subwf/208	http://www.ifomis.org/bfo/1.1/snap#Object;http://www.ifomis.org/bfo/1.1/snap#Quality;http://purl.obolibrary.org/obo/IAO_0000027
http://graph/subwf/209	http://purl.obolibrary.org/obo/IAO_0000027;http://www.ifomis.org/bfo/1.1/snap#Object;http://www.ifomis.org/bfo/1.1/snap#Quality
http://graph/subwf/210	http://purl.obolibrary.org/obo/IAO_0000027;http://www.ifomis.org/bfo/1.1/snap#Object;http://www.ifomis.org/bfo/1.1/snap#Quality
http://graph/subwf/211	http://purl.obolibrary.org/obo/IAO_0000027;http://www.ifomis.org/bfo/1.1/snap#Object;http://www.ifomis.org/bfo/1.1/snap#Quality
http://graph/subwf/212	http://purl.obolibrary.org/obo/IAO_0000027;http://www.ifomis.org/bfo/1.1/snap#Quality
http://graph/subwf/213	http://purl.obolibrary.org/obo/IAO_0000027;http://www.ifomis.org/bfo/1.1/snap#Quality
http://graph/subwf/214	http://www.ifomis.org/bfo/1.1/snap#Quality;http://purl.obolibrary.org/obo/IAO_0000027
http://graph/subwf/215	http://purl.obolibrary.org/obo/IAO_0000310
http://graph/subwf/216	http://purl.obolibrary.org/obo/IAO_0000310
http://graph/subwf/217	http://purl.obolibrary.org/obo/IAO_0000310
http://graph/subwf/218	http://purl.obolibrary.org/obo/IAO_0000027
http://graph/subwf/219	http://purl.obolibrary.org/obo/IAO_0000027
http://graph/subwf/220	http://purl.obolibrary.org/obo/IAO_0000306;http://purl.obolibrary.org/obo/IAO_0000300;http://purl.obolibrary.org/obo/IAO_0000027
http://graph/subwf/221	http://purl.obolibrary.org/obo/IAO_0000306;http://purl.obolibrary.org/obo/IAO_0000300;http://purl.obolibrary.org/obo/IAO_0000027
http://graph/subwf/222	http://purl.obolibrary.org/obo/IAO_0000027
http://graph/subwf/223	http://purl.obolibrary.org/obo/IAO_0000027;http://purl.obolibrary.org/obo/IAO_0000306;http://purl.obolibrary.org/obo/IAO_0000300
http://graph/subwf/224	http://purl.obolibrary.org/obo/IAO_0000306;http://purl.obolibrary.org/obo/IAO_0000300;http://purl.obolibrary.org/obo/IAO_0000027
http://graph/subwf/225	http://purl.obolibrary.org/obo/IAO_0000310
http://graph/subwf/226	http://purl.obolibrary.org/obo/IAO_0000310;http://purl.obolibrary.org/obo/IAO_0000027
http://graph/subwf/227	http://purl.obolibrary.org/obo/IAO_0000310
http://graph/subwf/228	http://purl.obolibrary.org/obo/IAO_0000310;http://purl.obolibrary.org/obo/IAO_0000027
http://graph/subwf/229	http://purl.obolibrary.org/obo/IAO_0000310
http://graph/subwf/230	http://purl.obolibrary.org/obo/IAO_0000310;http://purl.obolibrary.org/obo/IAO_0000027
http://graph/subwf/231	http://purl.obolibrary.org/obo/IAO_0000027
http://graph/subwf/232	http://purl.obolibrary.org/obo/IAO_0000306;http://purl.obolibrary.org/obo/IAO_0000300;http://purl.obolibrary.org/obo/IAO_0000027
http://graph/subwf/233	http://purl.obolibrary.org/obo/IAO_0000027
http://graph/subwf/234	http://purl.obolibrary.org/obo/IAO_0000027;http://purl.obolibrary.org/obo/IAO_0000306;http://purl.obolibrary.org/obo/IAO_0000300
http://graph/subwf/235	http://purl.obolibrary.org/obo/IAO_0000306;http://purl.obolibrary.org/obo/IAO_0000300;http://purl.obolibrary.org/obo/IAO_0000027
http://graph/subwf/236	http://purl.obolibrary.org/obo/IAO_0000027
http://graph/subwf/237	http://purl.obolibrary.org/obo/IAO_0000027;http://purl.obolibrary.org/obo/IAO_0000306;http://purl.obolibrary.org/obo/IAO_0000300
http://graph/subwf/238	http://purl.obolibrary.org/obo/IAO_0000306;http://purl.obolibrary.org/obo/IAO_0000300;http://purl.obolibrary.org/obo/IAO_0000027
http://graph/subwf/239	http://purl.obolibrary.org/obo/IAO_0000306;http://purl.obolibrary.org/obo/IAO_0000300;http://purl.obolibrary.org/obo/IAO_0000027
http://graph/subwf/240	http://purl.obolibrary.org/obo/IAO_0000306;http://purl.obolibrary.org/obo/IAO_0000300;http://purl.obolibrary.org/obo/IAO_0000027
http://graph/subwf/241	http://purl.obolibrary.org/obo/IAO_0000306;http://purl.obolibrary.org/obo/IAO_0000300;http://purl.obolibrary.org/obo/IAO_0000027
http://graph/subwf/242	http://purl.obolibrary.org/obo/IAO_0000027;http://purl.obolibrary.org/obo/IAO_0000306;http://purl.obolibrary.org/obo/IAO_0000300
http://graph/subwf/243	http://purl.obolibrary.org/obo/IAO_0000027;http://purl.obolibrary.org/obo/IAO_0000306;http://purl.obolibrary.org/obo/IAO_0000300
http://graph/subwf/244	http://purl.obolibrary.org/obo/IAO_0000300;http://purl.obolibrary.org/obo/IAO_0000088
http://graph/subwf/245	http://purl.obolibrary.org/obo/IAO_0000300;http://purl.obolibrary.org/obo/IAO_0000088
http://graph/subwf/246	http://purl.obolibrary.org/obo/IAO_0000300;http://purl.obolibrary.org/obo/IAO_0000088
http://graph/subwf/247	http://purl.obolibrary.org/obo/IAO_0000300
http://graph/subwf/248	http://purl.obolibrary.org/obo/IAO_0000300
http://graph/subwf/249	http://purl.obolibrary.org/obo/IAO_0000300
http://graph/subwf/250	http://purl.obolibrary.org/obo/IAO_0000300
http://graph/subwf/251	http://purl.obolibrary.org/obo/IAO_0000300
http://graph/subwf/252	http://purl.obolibrary.org/obo/IAO_0000300
http://graph/subwf/253	http://purl.obolibrary.org/obo/IAO_0000300
http://graph/subwf/254	http://purl.obolibrary.org/obo/IAO_0000300
http://graph/subwf/255	http://purl.obolibrary.org/obo/IAO_0000300
http://graph/subwf/256	http://purl.obolibrary.org/obo/IAO_0000300
http://graph/subwf/257	http://purl.obolibrary.org/obo/IAO_0000300
http://graph/subwf/258	http://purl.obolibrary.org/obo/IAO_0000300
http://graph/subwf/259	http://purl.obolibrary.org/obo/IAO_0000300
http://graph/subwf/260	http://purl.obolibrary.org/obo/IAO_0000300
http://graph/subwf/261	http://purl.obolibrary.org/obo/IAO_0000300
http://graph/subwf/262	http://purl.obolibrary.org/obo/IAO_0000300
http://graph/subwf/263	http://purl.obolibrary.org/obo/IAO_0000300
http://graph/subwf/264	http://purl.obolibrary.org/obo/IAO_0000088
http://graph/subwf/265	http://purl.obolibrary.org/obo/IAO_0000300;http://purl.obolibrary.org/obo/IAO_0000088
http://graph/subwf/266	http://purl.obolibrary.org/obo/IAO_0000088
http://graph/subwf/267	http://purl.obolibrary.org/obo/IAO_0000300;http://purl.obolibrary.org/obo/IAO_0000088
http://graph/subwf/268	http://purl.obolibrary.org/obo/IAO_0000088
http://graph/subwf/269	http://purl.obolibrary.org/obo/IAO_0000088;http://purl.obolibrary.org/obo/IAO_0000300
http://graph/subwf/270	http://purl.obolibrary.org/obo/IAO_0000300;http://purl.obolibrary.org/obo/IAO_0000088
http://graph/subwf/271	http://purl.obolibrary.org/obo/IAO_0000300
http://graph/subwf/272	http://purl.obolibrary.org/obo/IAO_0000300
http://graph/subwf/273	http://www.ifomis.org/bfo/1.1/span#Process
http://graph/subwf/274	http://purl.obolibrary.org/obo/IAO_0000027
http://graph/subwf/275	http://purl.obolibrary.org/obo/IAO_0000027;http://www.ifomis.org/bfo/1.1/span#Process
http://graph/subwf/276	http://www.ifomis.org/bfo/1.1/span#Process
http://graph/subwf/277	http://www.ifomis.org/bfo/1.1/span#Process;http://purl.obolibrary.org/obo/IAO_0000027
http://graph/subwf/278	http://www.ifomis.org/bfo/1.1/span#Process
http://graph/subwf/279	http://purl.obolibrary.org/obo/IAO_0000027;http://www.ifomis.org/bfo/1.1/span#Process
http://graph/subwf/280	http://purl.obolibrary.org/obo/IAO_0000027;http://www.ifomis.org/bfo/1.1/span#Process
http://graph/subwf/281	http://www.ifomis.org/bfo/1.1/span#Process;http://purl.org/obo/owl/PATO#PATO_0000125
http://graph/subwf/282	http://purl.obolibrary.org/obo/IAO_0000306
http://graph/subwf/283	http://purl.obolibrary.org/obo/IAO_0000306
http://graph/subwf/284	http://purl.obolibrary.org/obo/IAO_0000306
http://graph/subwf/285	http://purl.obolibrary.org/obo/IAO_0000306
http://graph/subwf/286	http://purl.obolibrary.org/obo/IAO_0000027
http://graph/subwf/287	http://purl.obolibrary.org/obo/IAO_0000310
http://graph/subwf/288	http://purl.obolibrary.org/obo/IAO_0000027;http://purl.obolibrary.org/obo/IAO_0000306;http://purl.obolibrary.org/obo/IAO_0000300
http://graph/subwf/289	http://purl.obolibrary.org/obo/IAO_0000027;http://purl.obolibrary.org/obo/IAO_0000306;http://purl.obolibrary.org/obo/IAO_0000300
http://graph/subwf/290	http://purl.obolibrary.org/obo/IAO_0000306;http://purl.obolibrary.org/obo/IAO_0000300;http://purl.obolibrary.org/obo/IAO_0000027
http://graph/subwf/291	http://purl.obolibrary.org/obo/IAO_0000027
http://graph/subwf/292	http://purl.obolibrary.org/obo/IAO_0000310
http://graph/subwf/293	http://purl.obolibrary.org/obo/IAO_0000027
http://graph/subwf/294	http://purl.obolibrary.org/obo/IAO_0000310
http://graph/subwf/295	http://purl.obolibrary.org/obo/IAO_0000306;http://purl.obolibrary.org/obo/IAO_0000300;http://purl.obolibrary.org/obo/IAO_0000027
http://graph/subwf/296	http://purl.obolibrary.org/obo/IAO_0000306;http://purl.obolibrary.org/obo/IAO_0000300;http://purl.obolibrary.org/obo/IAO_0000027
http://graph/subwf/297	http://purl.obolibrary.org/obo/IAO_0000027
http://graph/subwf/298	http://purl.obolibrary.org/obo/IAO_0000310
http://graph/subwf/299	http://purl.obolibrary.org/obo/IAO_0000027
http://graph/subwf/300	http://purl.obolibrary.org/obo/IAO_0000310
http://graph/subwf/301	http://purl.obolibrary.org/obo/IAO_0000306;http://purl.obolibrary.org/obo/IAO_0000300;http://purl.obolibrary.org/obo/IAO_0000027
http://graph/subwf/302	http://purl.obolibrary.org/obo/IAO_0000027;http://purl.obolibrary.org/obo/IAO_0000310
http://graph/subwf/303	http://purl.obolibrary.org/obo/IAO_0000027;http://purl.obolibrary.org/obo/IAO_0000306;http://purl.obolibrary.org/obo/IAO_0000300
http://graph/subwf/304	http://purl.obolibrary.org/obo/IAO_0000027;http://purl.obolibrary.org/obo/IAO_0000306;http://purl.obolibrary.org/obo/IAO_0000300
http://graph/subwf/305	http://purl.obolibrary.org/obo/IAO_0000027;http://purl.obolibrary.org/obo/IAO_0000306;http://purl.obolibrary.org/obo/IAO_0000300
http://graph/subwf/306	http://purl.obolibrary.org/obo/IAO_0000306;http://purl.obolibrary.org/obo/IAO_0000300;http://purl.obolibrary.org/obo/IAO_0000027
http://graph/subwf/307	http://purl.obolibrary.org/obo/IAO_0000306;http://purl.obolibrary.org/obo/IAO_0000300;http://purl.obolibrary.org/obo/IAO_0000027
http://graph/subwf/308	http://purl.obolibrary.org/obo/IAO_0000306;http://purl.obolibrary.org/obo/IAO_0000300;http://purl.obolibrary.org/obo/IAO_0000027
http://graph/subwf/309	http://purl.obolibrary.org/obo/IAO_0000027
http://graph/subwf/310	http://purl.obolibrary.org/obo/IAO_0000310
http://graph/subwf/311	http://purl.obolibrary.org/obo/IAO_0000306;http://purl.obolibrary.org/obo/IAO_0000300;http://purl.obolibrary.org/obo/IAO_0000027
http://graph/subwf/312	http://purl.obolibrary.org/obo/IAO_0000027;http://purl.obolibrary.org/obo/IAO_0000310
http://graph/subwf/313	http://purl.obolibrary.org/obo/IAO_0000306;http://purl.obolibrary.org/obo/IAO_0000300;http://purl.obolibrary.org/obo/IAO_0000027
http://graph/subwf/314	http://purl.obolibrary.org/obo/IAO_0000027;http://purl.obolibrary.org/obo/IAO_0000310
http://graph/subwf/315	http://purl.obolibrary.org/obo/IAO_0000010
http://graph/subwf/316	http://purl.obolibrary.org/obo/IAO_0000010
http://graph/subwf/317	http://purl.obolibrary.org/obo/IAO_0000010
http://graph/subwf/318	http://purl.obolibrary.org/obo/IAO_0000010
http://graph/subwf/319	http://purl.obolibrary.org/obo/IAO_0000010
http://graph/subwf/320	http://purl.obolibrary.org/obo/IAO_0000010
http://graph/subwf/321	http://purl.obolibrary.org/obo/IAO_0000010
http://graph/subwf/322	http://purl.obolibrary.org/obo/IAO_0000010
http://graph/subwf/323	http://purl.obolibrary.org/obo/IAO_0000010
http://graph/subwf/324	http://purl.obolibrary.org/obo/IAO_0000010
http://graph/subwf/325	http://purl.obolibrary.org/obo/IAO_0000010
http://graph/subwf/326	http://purl.obolibrary.org/obo/IAO_0000010
http://graph/subwf/327	http://purl.obolibrary.org/obo/IAO_0000010
http://graph/subwf/328	http://purl.obolibrary.org/obo/IAO_0000010
http://graph/subwf/329	http://purl.obolibrary.org/obo/IAO_0000300
http://graph/subwf/330	http://purl.obolibrary.org/obo/IAO_0000010
http://graph/subwf/331	http://purl.obolibrary.org/obo/IAO_0000300
http://graph/subwf/332	http://purl.obolibrary.org/obo/IAO_0000010
http://graph/subwf/333	http://purl.obolibrary.org/obo/IAO_0000300
http://graph/subwf/334	http://purl.obolibrary.org/obo/IAO_0000010
http://graph/subwf/335	http://purl.obolibrary.org/obo/IAO_0000010
http://graph/subwf/336	http://purl.obolibrary.org/obo/IAO_0000300
http://graph/subwf/337	http://purl.obolibrary.org/obo/IAO_0000010
http://graph/subwf/338	http://purl.obolibrary.org/obo/IAO_0000300
http://graph/subwf/339	http://purl.obolibrary.org/obo/IAO_0000010
http://graph/subwf/340	http://purl.obolibrary.org/obo/IAO_0000010
http://graph/subwf/341	http://purl.obolibrary.org/obo/IAO_0000010
http://graph/subwf/342	http://purl.obolibrary.org/obo/IAO_0000010
http://graph/subwf/343	http://purl.obolibrary.org/obo/IAO_0000010
http://graph/subwf/344	http://purl.obolibrary.org/obo/IAO_0000010
http://graph/subwf/345	http://purl.obolibrary.org/obo/IAO_0000010
http://graph/subwf/346	http://purl.obolibrary.org/obo/IAO_0000010
http://graph/subwf/347	http://purl.obolibrary.org/obo/IAO_0000010
http://graph/subwf/348	http://purl.obolibrary.org/obo/IAO_0000010
http://graph/subwf/349	http://purl.obolibrary.org/obo/IAO_0000010
http://graph/subwf/350	http://purl.obolibrary.org/obo/IAO_0000010
http://graph/subwf/351	http://purl.obolibrary.org/obo/IAO_0000027;http://www.ifomis.org/bfo/1.1/snap#Object
http://graph/subwf/352	http://www.ifomis.org/bfo/1.1/snap#Object
http://graph/subwf/353	http://www.ifomis.org/bfo/1.1/snap#Object
http://graph/subwf/354	http://www.ifomis.org/bfo/1.1/snap#Object
http://graph/subwf/355	http://www.ifomis.org/bfo/1.1/snap#Object
http://graph/subwf/356	http://www.ifomis.org/bfo/1.1/snap#Object
http://graph/subwf/357	http://www.ifomis.org/bfo/1.1/snap#Object
http://graph/subwf/358	http://www.ifomis.org/bfo/1.1/snap#Object
http://graph/subwf/359	http://purl.obolibrary.org/obo/IAO_0000027
http://graph/subwf/360	http://purl.obolibrary.org/obo/IAO_0000027;http://www.ifomis.org/bfo/1.1/snap#Object
http://graph/subwf/361	http://www.ifomis.org/bfo/1.1/snap#Object
http://graph/subwf/362	http://www.ifomis.org/bfo/1.1/snap#Object
http://graph/subwf/363	http://www.ifomis.org/bfo/1.1/snap#Object
http://graph/subwf/364	http://www.ifomis.org/bfo/1.1/snap#Object
http://graph/subwf/365	http://www.ifomis.org/bfo/1.1/snap#Object
http://graph/subwf/366	http://www.ifomis.org/bfo/1.1/snap#Object
http://graph/subwf/367	http://www.ifomis.org/bfo/1.1/snap#Object
http://graph/subwf/368	http://www.ifomis.org/bfo/1.1/snap#Object
http://graph/subwf/369	http://www.ifomis.org/bfo/1.1/snap#Object
http://graph/subwf/370	http://www.ifomis.org/bfo/1.1/snap#Object
http://graph/subwf/371	http://www.ifomis.org/bfo/1.1/snap#Object;http://purl.obolibrary.org/obo/IAO_0000027
http://graph/subwf/372	http://www.ifomis.org/bfo/1.1/snap#Object
http://graph/subwf/373	http://www.ifomis.org/bfo/1.1/snap#Object
http://graph/subwf/374	http://purl.obolibrary.org/obo/IAO_0000027
http://graph/subwf/375	http://www.ifomis.org/bfo/1.1/snap#Object;http://purl.obolibrary.org/obo/IAO_0000027
http://graph/subwf/376	http://purl.obolibrary.org/obo/IAO_0000027
http://graph/subwf/377	http://www.ifomis.org/bfo/1.1/snap#Object
http://graph/subwf/378	http://www.ifomis.org/bfo/1.1/snap#Object
http://graph/subwf/379	http://www.ifomis.org/bfo/1.1/snap#Object
http://graph/subwf/380	http://purl.obolibrary.org/obo/IAO_0000027
http://graph/subwf/381	http://www.ifomis.org/bfo/1.1/snap#Object
http://graph/subwf/382	http://www.ifomis.org/bfo/1.1/snap#Object
http://graph/subwf/383	http://www.ifomis.org/bfo/1.1/snap#Object
http://graph/subwf/384	http://purl.obolibrary.org/obo/IAO_0000027;http://www.ifomis.org/bfo/1.1/snap#Object
http://graph/subwf/385	http://www.ifomis.org/bfo/1.1/snap#Object
http://graph/subwf/386	http://purl.obolibrary.org/obo/IAO_0000027
http://graph/subwf/387	http://purl.obolibrary.org/obo/IAO_0000027
http://graph/subwf/388	http://purl.obolibrary.org/obo/IAO_0000027
http://graph/subwf/389	http://purl.obolibrary.org/obo/IAO_0000027
http://graph/subwf/390	http://www.ifomis.org/bfo/1.1/snap#Object
http://graph/subwf/391	http://www.ifomis.org/bfo/1.1/snap#Object
http://graph/subwf/392	http://www.ifomis.org/bfo/1.1/snap#Object
http://graph/subwf/393	http://www.ifomis.org/bfo/1.1/snap#Object
http://graph/subwf/394	http://www.ifomis.org/bfo/1.1/snap#Object
http://graph/subwf/395	http://www.ifomis.org/bfo/1.1/snap#Object
http://graph/subwf/396	http://www.ifomis.org/bfo/1.1/snap#Object
http://graph/subwf/397	http://www.ifomis.org/bfo/1.1/snap#Object;http://purl.obolibrary.org/obo/IAO_0000027
http://graph/subwf/398	http://www.ifomis.org/bfo/1.1/snap#Object
http://graph/subwf/399	http://www.ifomis.org/bfo/1.1/snap#Object
http://graph/subwf/400	http://purl.obolibrary.org/obo/IAO_0000027
http://graph/subwf/401	http://www.ifomis.org/bfo/1.1/snap#Object
http://graph/subwf/402	http://www.ifomis.org/bfo/1.1/snap#Object
http://graph/subwf/403	http://purl.obolibrary.org/obo/IAO_0000027;http://www.ifomis.org/bfo/1.1/snap#Object
http://graph/subwf/404	http://purl.obolibrary.org/obo/IAO_0000027
http://graph/subwf/405	http://www.ifomis.org/bfo/1.1/snap#Object;http://purl.obolibrary.org/obo/IAO_0000027
http://graph/subwf/406	http://www.ifomis.org/bfo/1.1/snap#Object
http://graph/subwf/407	http://purl.obolibrary.org/obo/IAO_0000027
http://graph/subwf/408	http://www.ifomis.org/bfo/1.1/snap#Object
http://graph/subwf/409	http://www.ifomis.org/bfo/1.1/snap#Object
http://graph/subwf/410	http://www.ifomis.org/bfo/1.1/snap#Object
http://graph/subwf/411	http://www.ifomis.org/bfo/1.1/snap#Object
http://graph/subwf/412	http://purl.obolibrary.org/obo/IAO_0000027
http://graph/subwf/413	http://www.ifomis.org/bfo/1.1/snap#Object
http://graph/subwf/414	http://www.ifomis.org/bfo/1.1/snap#Object
http://graph/subwf/415	http://www.ifomis.org/bfo/1.1/snap#Object
http://graph/subwf/416	http://www.ifomis.org/bfo/1.1/snap#Object
http://graph/subwf/417	http://www.ifomis.org/bfo/1.1/snap#Object;http://purl.obolibrary.org/obo/IAO_0000027
http://graph/subwf/418	http://www.ifomis.org/bfo/1.1/snap#Object
http://graph/subwf/419	http://purl.obolibrary.org/obo/IAO_0000027
http://graph/subwf/420	http://www.ifomis.org/bfo/1.1/snap#Object
http://graph/subwf/421	http://www.ifomis.org/bfo/1.1/snap#Object
http://graph/subwf/422	http://www.ifomis.org/bfo/1.1/snap#Object
http://graph/subwf/423	http://purl.obolibrary.org/obo/IAO_0000027
http://graph/subwf/424	http://www.ifomis.org/bfo/1.1/snap#Object
http://graph/subwf/425	http://www.ifomis.org/bfo/1.1/snap#Object
http://graph/subwf/426	http://www.ifomis.org/bfo/1.1/snap#Object
http://graph/subwf/427	http://www.ifomis.org/bfo/1.1/snap#Object
http://graph/subwf/428	http://purl.obolibrary.org/obo/IAO_0000027;http://www.ifomis.org/bfo/1.1/snap#Object
http://graph/subwf/429	http://www.ifomis.org/bfo/1.1/snap#Object
http://graph/subwf/430	http://purl.obolibrary.org/obo/IAO_0000027
http://graph/subwf/431	http://www.ifomis.org/bfo/1.1/snap#Object
http://graph/subwf/432	http://www.ifomis.org/bfo/1.1/snap#Object
http://graph/subwf/433	http://www.ifomis.org/bfo/1.1/snap#Object
http://graph/subwf/434	http://www.ifomis.org/bfo/1.1/snap#Object
http://graph/subwf/435	http://www.ifomis.org/bfo/1.1/snap#Object
http://graph/subwf/436	http://www.ifomis.org/bfo/1.1/snap#Object
http://graph/subwf/437	http://www.ifomis.org/bfo/1.1/snap#Object;http://purl.obolibrary.org/obo/IAO_0000027
http://graph/subwf/438	http://www.ifomis.org/bfo/1.1/snap#Object
http://graph/subwf/439	http://www.ifomis.org/bfo/1.1/snap#Object
http://graph/subwf/440	http://purl.obolibrary.org/obo/IAO_0000027
http://graph/subwf/441	http://purl.obolibrary.org/obo/IAO_0000027
http://graph/subwf/442	http://www.ifomis.org/bfo/1.1/snap#Object;http://purl.obolibrary.org/obo/IAO_0000027
http://graph/subwf/443	http://www.ifomis.org/bfo/1.1/snap#Object
http://graph/subwf/444	http://www.ifomis.org/bfo/1.1/snap#Object
http://graph/subwf/445	http://www.ifomis.org/bfo/1.1/snap#Object
http://graph/subwf/446	http://www.ifomis.org/bfo/1.1/snap#Object;http://purl.obolibrary.org/obo/IAO_0000027
http://graph/subwf/447	http://www.ifomis.org/bfo/1.1/snap#Object
http://graph/subwf/448	http://purl.obolibrary.org/obo/IAO_0000027
http://graph/subwf/449	http://www.ifomis.org/bfo/1.1/snap#Object
http://graph/subwf/450	http://www.ifomis.org/bfo/1.1/snap#Object
http://graph/subwf/451	http://purl.obolibrary.org/obo/IAO_0000027
http://graph/subwf/452	http://www.ifomis.org/bfo/1.1/snap#Object
http://graph/subwf/453	http://www.ifomis.org/bfo/1.1/snap#Object;http://purl.obolibrary.org/obo/IAO_0000027
http://graph/subwf/454	http://www.ifomis.org/bfo/1.1/snap#Object
http://graph/subwf/455	http://www.ifomis.org/bfo/1.1/snap#Object
http://graph/subwf/456	http://www.ifomis.org/bfo/1.1/snap#Object
http://graph/subwf/457	http://www.ifomis.org/bfo/1.1/snap#Object
http://graph/subwf/458	http://purl.obolibrary.org/obo/IAO_0000027
http://graph/subwf/459	http://purl.obolibrary.org/obo/IAO_0000027
http://graph/subwf/460	http://purl.obolibrary.org/obo/IAO_0000027
http://graph/subwf/461	http://purl.obolibrary.org/obo/IAO_0000101
http://graph/subwf/462	http://purl.obolibrary.org/obo/IAO_0000027
http://graph/subwf/463	http://purl.obolibrary.org/obo/IAO_0000027
http://graph/subwf/464	http://purl.obolibrary.org/obo/IAO_0000027
http://graph/subwf/465	http://purl.obolibrary.org/obo/IAO_0000101
http://graph/subwf/466	http://purl.obolibrary.org/obo/IAO_0000027
http://graph/subwf/467	http://purl.obolibrary.org/obo/IAO_0000027
http://graph/subwf/468	http://purl.obolibrary.org/obo/IAO_0000027;http://purl.obolibrary.org/obo/IAO_0000101
http://graph/subwf/469	http://purl.obolibrary.org/obo/IAO_0000027
http://graph/subwf/470	http://purl.obolibrary.org/obo/IAO_0000027
http://graph/subwf/471	http://purl.obolibrary.org/obo/IAO_0000300
http://graph/subwf/472	http://purl.obolibrary.org/obo/IAO_0000300
http://graph/subwf/473	http://purl.obolibrary.org/obo/IAO_0000300
http://graph/subwf/474	http://purl.obolibrary.org/obo/IAO_0000300
http://graph/subwf/475	http://purl.obolibrary.org/obo/IAO_0000300
http://graph/subwf/476	http://purl.obolibrary.org/obo/IAO_0000300
http://graph/subwf/477	http://www.geneontology.org/formats/oboInOwl#Definition;http://www.ifomis.org/bfo/1.1/snap#Function
http://graph/subwf/478	http://www.geneontology.org/formats/oboInOwl#Definition;http://www.ifomis.org/bfo/1.1/snap#Function
http://graph/subwf/479	http://www.geneontology.org/formats/oboInOwl#Definition;http://www.ifomis.org/bfo/1.1/snap#Function
http://graph/subwf/480	http://purl.obolibrary.org/obo/IAO_0000027
http://graph/subwf/481	http://purl.obolibrary.org/obo/IAO_0000027
http://graph/subwf/482	http://purl.obolibrary.org/obo/IAO_0000027
http://graph/subwf/483	http://purl.obolibrary.org/obo/IAO_0000027
http://graph/subwf/484	http://purl.obolibrary.org/obo/IAO_0000027
http://graph/subwf/485	http://purl.obolibrary.org/obo/IAO_0000027
http://graph/subwf/486	http://purl.obolibrary.org/obo/IAO_0000027
http://graph/subwf/487	http://purl.obolibrary.org/obo/IAO_0000027
http://graph/subwf/488	http://purl.obolibrary.org/obo/IAO_0000027
http://graph/subwf/489	http://purl.obolibrary.org/obo/IAO_0000027
http://graph/subwf/490	http://purl.obolibrary.org/obo/IAO_0000027
http://graph/subwf/491	http://purl.obolibrary.org/obo/IAO_0000027
http://graph/subwf/492	http://purl.obolibrary.org/obo/IAO_0000027
http://graph/subwf/493	http://purl.obolibrary.org/obo/IAO_0000300
http://graph/subwf/494	http://purl.obolibrary.org/obo/IAO_0000300
http://graph/subwf/495	http://purl.obolibrary.org/obo/IAO_0000300
http://graph/subwf/496	http://www.geneontology.org/formats/oboInOwl#Definition;http://www.ifomis.org/bfo/1.1/snap#Function
http://graph/subwf/497	http://www.geneontology.org/formats/oboInOwl#Definition;http://www.ifomis.org/bfo/1.1/snap#Function
http://graph/subwf/498	http://www.geneontology.org/formats/oboInOwl#Definition;http://www.ifomis.org/bfo/1.1/snap#Function
http://graph/subwf/499	http://purl.obolibrary.org/obo/IAO_0000300
http://graph/subwf/500	http://purl.obolibrary.org/obo/IAO_0000300
http://graph/subwf/501	http://purl.obolibrary.org/obo/IAO_0000300
http://graph/subwf/502	http://purl.obolibrary.org/obo/IAO_0000101
http://graph/subwf/503	http://purl.obolibrary.org/obo/IAO_0000064
http://graph/subwf/504	http://purl.obolibrary.org/obo/IAO_0000064
http://graph/subwf/505	http://purl.obolibrary.org/obo/IAO_0000055
http://graph/subwf/506	http://purl.obolibrary.org/obo/IAO_0000055
http://graph/subwf/507	http://purl.obolibrary.org/obo/IAO_0000064
http://graph/subwf/508	http://purl.obolibrary.org/obo/IAO_0000064
http://graph/subwf/509	http://purl.obolibrary.org/obo/IAO_0000064
http://graph/subwf/510	http://purl.obolibrary.org/obo/IAO_0000064
http://graph/subwf/511	http://purl.obolibrary.org/obo/IAO_0000064
http://graph/subwf/512	http://purl.obolibrary.org/obo/IAO_0000064
http://graph/subwf/513	http://purl.obolibrary.org/obo/IAO_0000064
http://graph/subwf/514	http://purl.obolibrary.org/obo/IAO_0000064;http://purl.obolibrary.org/obo/IAO_0000055
http://graph/subwf/515	http://purl.obolibrary.org/obo/IAO_0000055
http://graph/subwf/516	http://purl.obolibrary.org/obo/IAO_0000064
http://graph/subwf/517	http://purl.obolibrary.org/obo/IAO_0000055;http://purl.obolibrary.org/obo/IAO_0000064
http://graph/subwf/518	http://purl.obolibrary.org/obo/IAO_0000064
http://graph/subwf/519	http://purl.obolibrary.org/obo/IAO_0000064
http://graph/subwf/520	http://purl.obolibrary.org/obo/IAO_0000064
http://graph/subwf/521	http://purl.obolibrary.org/obo/IAO_0000064
http://graph/subwf/522	http://purl.obolibrary.org/obo/IAO_0000101
http://graph/subwf/523	http://purl.obolibrary.org/obo/IAO_0000101
http://graph/subwf/524	http://purl.obolibrary.org/obo/IAO_0000101
http://graph/subwf/525	http://purl.obolibrary.org/obo/IAO_0000101
http://graph/subwf/526	http://purl.obolibrary.org/obo/IAO_0000101
http://graph/subwf/527	http://purl.obolibrary.org/obo/IAO_0000101
http://graph/subwf/528	http://purl.obolibrary.org/obo/IAO_0000101
http://graph/subwf/529	http://purl.obolibrary.org/obo/IAO_0000101
http://graph/subwf/530	http://purl.obolibrary.org/obo/IAO_0000101
http://graph/subwf/531	http://purl.obolibrary.org/obo/IAO_0000101
http://graph/subwf/532	http://purl.obolibrary.org/obo/IAO_0000101
http://graph/subwf/533	http://purl.obolibrary.org/obo/IAO_0000101
http://graph/subwf/534	http://purl.obolibrary.org/obo/IAO_0000101
http://graph/subwf/535	http://purl.obolibrary.org/obo/IAO_0000101
http://graph/subwf/536	http://purl.obolibrary.org/obo/IAO_0000101
http://graph/subwf/537	http://purl.obolibrary.org/obo/IAO_0000101
http://graph/subwf/538	http://purl.obolibrary.org/obo/IAO_0000101
http://graph/subwf/539	http://purl.obolibrary.org/obo/IAO_0000101
http://graph/subwf/540	http://purl.obolibrary.org/obo/IAO_0000101
http://graph/subwf/541	http://purl.obolibrary.org/obo/IAO_0000101
http://graph/subwf/542	http://purl.obolibrary.org/obo/IAO_0000101
http://graph/subwf/543	http://purl.obolibrary.org/obo/IAO_0000101
http://graph/subwf/544	http://purl.obolibrary.org/obo/IAO_0000101
http://graph/subwf/545	http://purl.obolibrary.org/obo/IAO_0000101
http://graph/subwf/546	http://purl.obolibrary.org/obo/IAO_0000101
http://graph/subwf/547	http://purl.obolibrary.org/obo/IAO_0000064
http://graph/subwf/548	http://purl.obolibrary.org/obo/IAO_0000055
http://graph/subwf/549	http://purl.obolibrary.org/obo/IAO_0000055;http://purl.obolibrary.org/obo/IAO_0000064
http://graph/subwf/550	http://purl.obolibrary.org/obo/IAO_0000055;http://purl.obolibrary.org/obo/IAO_0000064
http://graph/subwf/551	http://purl.obolibrary.org/obo/IAO_0000055
http://graph/subwf/552	http://purl.obolibrary.org/obo/IAO_0000055
http://graph/subwf/553	http://purl.obolibrary.org/obo/IAO_0000055
http://graph/subwf/554	http://purl.obolibrary.org/obo/IAO_0000055;http://purl.obolibrary.org/obo/IAO_0000064
http://graph/subwf/555	http://purl.obolibrary.org/obo/IAO_0000064
http://graph/subwf/556	http://purl.obolibrary.org/obo/IAO_0000064
http://graph/subwf/557	http://purl.obolibrary.org/obo/IAO_0000064
http://graph/subwf/558	http://purl.obolibrary.org/obo/IAO_0000064
http://graph/subwf/559	http://purl.obolibrary.org/obo/IAO_0000064
http://graph/subwf/560	http://purl.obolibrary.org/obo/IAO_0000064
http://graph/subwf/561	http://purl.obolibrary.org/obo/IAO_0000064
http://graph/subwf/562	http://purl.obolibrary.org/obo/IAO_0000064
http://graph/subwf/563	http://purl.obolibrary.org/obo/IAO_0000055;http://purl.obolibrary.org/obo/IAO_0000064
http://graph/subwf/564	http://purl.obolibrary.org/obo/IAO_0000064
http://graph/subwf/565	http://purl.obolibrary.org/obo/IAO_0000064
http://graph/subwf/566	http://purl.obolibrary.org/obo/IAO_0000064
http://graph/subwf/567	http://purl.obolibrary.org/obo/IAO_0000064
http://graph/subwf/568	http://purl.obolibrary.org/obo/IAO_0000064
http://graph/subwf/569	http://purl.obolibrary.org/obo/IAO_0000064
http://graph/subwf/570	http://purl.obolibrary.org/obo/IAO_0000064
http://graph/subwf/571	http://purl.obolibrary.org/obo/IAO_0000055;http://purl.obolibrary.org/obo/IAO_0000064
http://graph/subwf/572	http://purl.obolibrary.org/obo/IAO_0000055
http://graph/subwf/573	http://purl.obolibrary.org/obo/IAO_0000055
http://graph/subwf/574	http://purl.obolibrary.org/obo/IAO_0000055
http://graph/subwf/575	http://purl.obolibrary.org/obo/IAO_0000055;http://purl.obolibrary.org/obo/IAO_0000064
http://graph/subwf/576	http://purl.obolibrary.org/obo/IAO_0000055;http://purl.obolibrary.org/obo/IAO_0000064
http://graph/subwf/577	http://purl.obolibrary.org/obo/IAO_0000055;http://purl.obolibrary.org/obo/IAO_0000064
http://graph/subwf/578	http://purl.obolibrary.org/obo/IAO_0000055;http://purl.obolibrary.org/obo/IAO_0000064
http://graph/subwf/579	http://purl.obolibrary.org/obo/IAO_0000055;http://purl.obolibrary.org/obo/IAO_0000064
http://graph/subwf/580	http://purl.obolibrary.org/obo/IAO_0000055;http://purl.obolibrary.org/obo/IAO_0000064
http://graph/subwf/581	http://purl.obolibrary.org/obo/IAO_0000055;http://purl.obolibrary.org/obo/IAO_0000064
http://graph/subwf/582	http://purl.obolibrary.org/obo/IAO_0000055;http://purl.obolibrary.org/obo/IAO_0000064
http://graph/subwf/583	http://purl.obolibrary.org/obo/IAO_0000055;http://purl.obolibrary.org/obo/IAO_0000064
http://graph/subwf/584	http://purl.obolibrary.org/obo/IAO_0000055;http://purl.obolibrary.org/obo/IAO_0000064
http://graph/subwf/585	http://purl.obolibrary.org/obo/IAO_0000055;http://purl.obolibrary.org/obo/IAO_0000064
http://graph/subwf/586	http://purl.obolibrary.org/obo/IAO_0000055;http://purl.obolibrary.org/obo/IAO_0000064
http://graph/subwf/587	http://purl.obolibrary.org/obo/IAO_0000055;http://purl.obolibrary.org/obo/IAO_0000064
http://graph/subwf/588	http://purl.obolibrary.org/obo/IAO_0000055;http://purl.obolibrary.org/obo/IAO_0000064
http://graph/subwf/589	http://purl.obolibrary.org/obo/IAO_0000055;http://purl.obolibrary.org/obo/IAO_0000064
http://graph/subwf/590	http://purl.obolibrary.org/obo/IAO_0000055;http://purl.obolibrary.org/obo/IAO_0000064
http://graph/subwf/591	http://purl.obolibrary.org/obo/IAO_0000055
http://graph/subwf/592	http://purl.obolibrary.org/obo/IAO_0000055
http://graph/subwf/593	http://purl.obolibrary.org/obo/IAO_0000055
http://graph/subwf/594	http://purl.obolibrary.org/obo/IAO_0000055;http://purl.obolibrary.org/obo/IAO_0000064
http://graph/subwf/595	http://purl.obolibrary.org/obo/IAO_0000055
http://graph/subwf/596	http://purl.obolibrary.org/obo/IAO_0000055
http://graph/subwf/597	http://purl.obolibrary.org/obo/IAO_0000055;http://purl.obolibrary.org/obo/IAO_0000064
http://graph/subwf/598	http://purl.obolibrary.org/obo/IAO_0000055;http://purl.obolibrary.org/obo/IAO_0000064
http://graph/subwf/599	http://purl.obolibrary.org/obo/IAO_0000055;http://purl.obolibrary.org/obo/IAO_0000064
http://graph/subwf/600	http://purl.obolibrary.org/obo/IAO_0000055;http://purl.obolibrary.org/obo/IAO_0000064
http://graph/subwf/601	http://purl.obolibrary.org/obo/IAO_0000055;http://purl.obolibrary.org/obo/IAO_0000064
http://graph/subwf/602	http://purl.obolibrary.org/obo/IAO_0000064
http://graph/subwf/603	http://purl.obolibrary.org/obo/IAO_0000064
http://graph/subwf/604	http://purl.obolibrary.org/obo/IAO_0000064
http://graph/subwf/605	http://purl.obolibrary.org/obo/IAO_0000064
http://graph/subwf/606	http://purl.obolibrary.org/obo/IAO_0000064
http://graph/subwf/607	http://purl.obolibrary.org/obo/IAO_0000064;http://purl.obolibrary.org/obo/IAO_0000055
http://graph/subwf/608	http://purl.obolibrary.org/obo/IAO_0000064
http://graph/subwf/609	http://purl.obolibrary.org/obo/IAO_0000064
http://graph/subwf/610	http://purl.obolibrary.org/obo/IAO_0000064
http://graph/subwf/611	http://purl.obolibrary.org/obo/IAO_0000064
http://graph/subwf/612	http://purl.obolibrary.org/obo/IAO_0000064
http://graph/subwf/613	http://purl.obolibrary.org/obo/IAO_0000064
http://graph/subwf/614	http://purl.obolibrary.org/obo/IAO_0000064
http://graph/subwf/615	http://purl.obolibrary.org/obo/IAO_0000064
http://graph/subwf/616	http://purl.obolibrary.org/obo/IAO_0000064
http://graph/subwf/617	http://purl.obolibrary.org/obo/IAO_0000055;http://purl.obolibrary.org/obo/IAO_0000064
http://graph/subwf/618	http://purl.obolibrary.org/obo/IAO_0000064
http://graph/subwf/619	http://purl.obolibrary.org/obo/IAO_0000064
http://graph/subwf/620	http://purl.obolibrary.org/obo/IAO_0000064
http://graph/subwf/621	http://purl.obolibrary.org/obo/IAO_0000064
http://graph/subwf/622	http://purl.obolibrary.org/obo/IAO_0000064
http://graph/subwf/623	http://purl.obolibrary.org/obo/IAO_0000055;http://purl.obolibrary.org/obo/IAO_0000064
http://graph/subwf/624	http://purl.obolibrary.org/obo/IAO_0000064
http://graph/subwf/625	http://purl.obolibrary.org/obo/IAO_0000064
http://graph/subwf/626	http://purl.obolibrary.org/obo/IAO_0000064
http://graph/subwf/627	http://purl.obolibrary.org/obo/IAO_0000064
http://graph/subwf/628	http://purl.obolibrary.org/obo/IAO_0000064
http://graph/subwf/629	http://purl.obolibrary.org/obo/IAO_0000055;http://purl.obolibrary.org/obo/IAO_0000064
http://graph/subwf/630	http://purl.obolibrary.org/obo/IAO_0000064
http://graph/subwf/631	http://purl.obolibrary.org/obo/IAO_0000064
http://graph/subwf/632	http://purl.obolibrary.org/obo/IAO_0000064
http://graph/subwf/633	http://purl.obolibrary.org/obo/IAO_0000064
http://graph/subwf/634	http://purl.obolibrary.org/obo/IAO_0000064
http://graph/subwf/635	http://purl.obolibrary.org/obo/IAO_0000064
http://graph/subwf/636	http://purl.obolibrary.org/obo/IAO_0000055;http://purl.obolibrary.org/obo/IAO_0000064
http://graph/subwf/637	http://purl.obolibrary.org/obo/IAO_0000055;http://purl.obolibrary.org/obo/IAO_0000064
http://graph/subwf/638	http://purl.obolibrary.org/obo/IAO_0000055;http://purl.obolibrary.org/obo/IAO_0000064
http://graph/subwf/639	http://purl.obolibrary.org/obo/IAO_0000064
http://graph/subwf/640	http://purl.obolibrary.org/obo/IAO_0000064
http://graph/subwf/641	http://purl.obolibrary.org/obo/IAO_0000064
http://graph/subwf/642	http://purl.obolibrary.org/obo/IAO_0000064
http://graph/subwf/643	http://purl.obolibrary.org/obo/IAO_0000064
http://graph/subwf/644	http://purl.obolibrary.org/obo/IAO_0000064
http://graph/subwf/645	http://purl.obolibrary.org/obo/IAO_0000300
http://graph/subwf/646	http://purl.obolibrary.org/obo/IAO_0000300
http://graph/subwf/647	http://purl.obolibrary.org/obo/IAO_0000300
http://graph/subwf/648	http://purl.obolibrary.org/obo/IAO_0000300
http://graph/subwf/649	http://purl.obolibrary.org/obo/IAO_0000300
http://graph/subwf/650	http://purl.obolibrary.org/obo/IAO_0000300
http://graph/subwf/651	http://purl.obolibrary.org/obo/IAO_0000300
http://graph/subwf/652	http://purl.obolibrary.org/obo/IAO_0000300
http://graph/subwf/653	http://purl.obolibrary.org/obo/IAO_0000300
http://graph/subwf/654	http://purl.obolibrary.org/obo/IAO_0000300
http://graph/subwf/655	http://purl.obolibrary.org/obo/IAO_0000300
http://graph/subwf/656	http://purl.obolibrary.org/obo/IAO_0000300
http://graph/subwf/657	http://purl.obolibrary.org/obo/IAO_0000300
http://graph/subwf/658	http://purl.obolibrary.org/obo/IAO_0000300
http://graph/subwf/659	http://purl.obolibrary.org/obo/IAO_0000300
http://graph/subwf/660	http://purl.obolibrary.org/obo/IAO_0000300
http://graph/subwf/661	http://purl.obolibrary.org/obo/IAO_0000300
http://graph/subwf/662	http://www.ifomis.org/bfo/1.1/span#Process
http://graph/subwf/663	http://www.ifomis.org/bfo/1.1/span#Process
http://graph/subwf/664	http://www.ifomis.org/bfo/1.1/span#Process
http://graph/subwf/665	http://www.ifomis.org/bfo/1.1/span#Process
http://graph/subwf/666	http://www.ifomis.org/bfo/1.1/span#Process
http://graph/subwf/667	http://www.ifomis.org/bfo/1.1/span#Process
http://graph/subwf/668	http://purl.obolibrary.org/obo/IAO_0000027;http://purl.obolibrary.org/obo/IAO_0000101
http://graph/subwf/669	http://purl.obolibrary.org/obo/IAO_0000027
http://graph/subwf/670	http://purl.obolibrary.org/obo/IAO_0000101
http://graph/subwf/671	http://www.ifomis.org/bfo/1.1/snap#Object
http://graph/subwf/672	http://purl.obolibrary.org/obo/IAO_0000027;http://purl.obolibrary.org/obo/IAO_0000101
http://graph/subwf/673	http://purl.obolibrary.org/obo/IAO_0000027;http://purl.obolibrary.org/obo/IAO_0000101
http://graph/subwf/674	http://purl.obolibrary.org/obo/IAO_0000027;http://www.ifomis.org/bfo/1.1/snap#Object
http://graph/subwf/675	http://purl.obolibrary.org/obo/IAO_0000101;http://www.ifomis.org/bfo/1.1/snap#Object
http://graph/subwf/676	http://purl.obolibrary.org/obo/IAO_0000300
http://graph/subwf/677	http://purl.obolibrary.org/obo/IAO_0000300
http://graph/subwf/678	http://purl.obolibrary.org/obo/IAO_0000300
http://graph/subwf/679	http://purl.obolibrary.org/obo/IAO_0000027
http://graph/subwf/680	http://purl.obolibrary.org/obo/IAO_0000027
http://graph/subwf/681	http://purl.obolibrary.org/obo/IAO_0000027
http://graph/subwf/682	http://purl.obolibrary.org/obo/IAO_0000027
http://graph/subwf/683	http://purl.obolibrary.org/obo/IAO_0000027
http://graph/subwf/684	http://purl.obolibrary.org/obo/IAO_0000027
http://graph/subwf/685	http://www.geneontology.org/formats/oboInOwl#Definition;http://www.ifomis.org/bfo/1.1/snap#Function
http://graph/subwf/686	http://www.geneontology.org/formats/oboInOwl#Definition;http://www.ifomis.org/bfo/1.1/snap#Function
http://graph/subwf/687	http://www.geneontology.org/formats/oboInOwl#Definition;http://www.ifomis.org/bfo/1.1/snap#Function
http://graph/subwf/688	http://www.geneontology.org/formats/oboInOwl#Definition;http://www.ifomis.org/bfo/1.1/snap#Function
http://graph/subwf/689	http://www.geneontology.org/formats/oboInOwl#Definition;http://www.ifomis.org/bfo/1.1/snap#Function
http://graph/subwf/690	http://www.geneontology.org/formats/oboInOwl#Definition;http://www.ifomis.org/bfo/1.1/snap#Function
http://graph/subwf/691	http://www.geneontology.org/formats/oboInOwl#Definition;http://www.ifomis.org/bfo/1.1/snap#Function
http://graph/subwf/692	http://www.geneontology.org/formats/oboInOwl#Definition;http://www.ifomis.org/bfo/1.1/snap#Function
http://graph/subwf/693	http://www.geneontology.org/formats/oboInOwl#Definition;http://www.ifomis.org/bfo/1.1/snap#Function
http://graph/subwf/694	http://www.ifomis.org/bfo/1.1/snap#Function
http://graph/subwf/695	http://www.ifomis.org/bfo/1.1/snap#Function
http://graph/subwf/696	http://www.ifomis.org/bfo/1.1/snap#Function
http://graph/subwf/697	http://www.ifomis.org/bfo/1.1/snap#Function
http://graph/subwf/698	http://purl.obolibrary.org/obo/IAO_0000300
http://graph/subwf/699	http://purl.obolibrary.org/obo/IAO_0000300
http://graph/subwf/700	http://purl.obolibrary.org/obo/IAO_0000300
http://graph/subwf/701	http://purl.obolibrary.org/obo/IAO_0000300
http://graph/subwf/702	http://www.ifomis.org/bfo/1.1/snap#Function
http://graph/subwf/703	http://www.ifomis.org/bfo/1.1/snap#Function
http://graph/subwf/704	http://www.ifomis.org/bfo/1.1/snap#Function
http://graph/subwf/705	http://www.ifomis.org/bfo/1.1/snap#Function
http://graph/subwf/706	http://www.ifomis.org/bfo/1.1/snap#Function
http://graph/subwf/707	http://www.ifomis.org/bfo/1.1/snap#Function
http://graph/subwf/708	http://www.ifomis.org/bfo/1.1/snap#Function
http://graph/subwf/709	http://www.ifomis.org/bfo/1.1/snap#Function
http://graph/subwf/710	http://www.ifomis.org/bfo/1.1/snap#Function
http://graph/subwf/711	http://www.ifomis.org/bfo/1.1/snap#Function
http://graph/subwf/712	http://purl.obolibrary.org/obo/IAO_0000300
http://graph/subwf/713	http://purl.obolibrary.org/obo/IAO_0000300
http://graph/subwf/714	http://purl.obolibrary.org/obo/IAO_0000300
http://graph/subwf/715	http://purl.obolibrary.org/obo/IAO_0000300
http://graph/subwf/716	http://purl.obolibrary.org/obo/IAO_0000300
http://graph/subwf/717	http://purl.obolibrary.org/obo/IAO_0000300
http://graph/subwf/718	http://purl.obolibrary.org/obo/IAO_0000300
http://graph/subwf/719	http://purl.obolibrary.org/obo/IAO_0000300
http://graph/subwf/720	http://purl.obolibrary.org/obo/IAO_0000300
http://graph/subwf/721	http://purl.obolibrary.org/obo/IAO_0000300
http://graph/subwf/722	http://purl.obolibrary.org/obo/IAO_0000300
http://graph/subwf/723	http://purl.obolibrary.org/obo/IAO_0000300
http://graph/subwf/724	http://purl.obolibrary.org/obo/IAO_0000300
http://graph/subwf/725	http://purl.obolibrary.org/obo/IAO_0000300
http://graph/subwf/726	http://purl.obolibrary.org/obo/IAO_0000300
http://graph/subwf/727	http://purl.obolibrary.org/obo/IAO_0000300
http://graph/subwf/728	http://purl.obolibrary.org/obo/IAO_0000300
http://graph/subwf/729	http://purl.obolibrary.org/obo/IAO_0000300
http://graph/subwf/730	http://purl.obolibrary.org/obo/IAO_0000300
http://graph/subwf/731	http://purl.obolibrary.org/obo/IAO_0000300
http://graph/subwf/732	http://purl.obolibrary.org/obo/IAO_0000300
http://graph/subwf/733	http://purl.obolibrary.org/obo/IAO_0000300
http://graph/subwf/734	http://purl.obolibrary.org/obo/IAO_0000300
http://graph/subwf/735	http://purl.obolibrary.org/obo/IAO_0000300
http://graph/subwf/736	http://purl.obolibrary.org/obo/IAO_0000300
http://graph/subwf/737	http://purl.obolibrary.org/obo/IAO_0000300
http://graph/subwf/738	http://purl.obolibrary.org/obo/IAO_0000300
http://graph/subwf/739	http://purl.obolibrary.org/obo/IAO_0000300
http://graph/subwf/740	http://purl.obolibrary.org/obo/IAO_0000300
http://graph/subwf/741	http://purl.obolibrary.org/obo/IAO_0000300
http://graph/subwf/742	http://purl.obolibrary.org/obo/IAO_0000300
http://graph/subwf/743	http://purl.obolibrary.org/obo/IAO_0000300
http://graph/subwf/744	http://purl.obolibrary.org/obo/IAO_0000300
http://graph/subwf/745	http://purl.obolibrary.org/obo/IAO_0000300
http://graph/subwf/746	http://purl.obolibrary.org/obo/IAO_0000300
http://graph/subwf/747	http://purl.obolibrary.org/obo/IAO_0000300
http://graph/subwf/748	http://purl.obolibrary.org/obo/IAO_0000300
http://graph/subwf/749	http://purl.obolibrary.org/obo/IAO_0000300
http://graph/subwf/750	http://purl.obolibrary.org/obo/IAO_0000300
http://graph/subwf/751	http://purl.obolibrary.org/obo/IAO_0000300
http://graph/subwf/752	http://purl.obolibrary.org/obo/IAO_0000300
http://graph/subwf/753	http://purl.obolibrary.org/obo/IAO_0000300
http://graph/subwf/754	http://purl.obolibrary.org/obo/IAO_0000300
http://graph/subwf/755	http://purl.obolibrary.org/obo/IAO_0000300
http://graph/subwf/756	http://purl.obolibrary.org/obo/IAO_0000300
http://graph/subwf/757	http://purl.obolibrary.org/obo/IAO_0000300
http://graph/subwf/758	http://purl.obolibrary.org/obo/IAO_0000300
http://graph/subwf/759	http://purl.obolibrary.org/obo/IAO_0000300
http://graph/subwf/760	http://purl.obolibrary.org/obo/IAO_0000300
http://graph/subwf/761	http://purl.obolibrary.org/obo/IAO_0000300
http://graph/subwf/762	http://purl.obolibrary.org/obo/IAO_0000300
http://graph/subwf/763	http://purl.obolibrary.org/obo/IAO_0000300
http://graph/subwf/764	http://purl.obolibrary.org/obo/IAO_0000300
http://graph/subwf/765	http://purl.obolibrary.org/obo/IAO_0000300
http://graph/subwf/766	http://purl.obolibrary.org/obo/IAO_0000300
http://graph/subwf/767	http://purl.obolibrary.org/obo/IAO_0000300
http://graph/subwf/768	http://purl.obolibrary.org/obo/IAO_0000300
http://graph/subwf/769	http://purl.obolibrary.org/obo/IAO_0000300
http://graph/subwf/770	http://purl.obolibrary.org/obo/IAO_0000300
http://graph/subwf/771	http://purl.obolibrary.org/obo/IAO_0000300
http://graph/subwf/772	http://purl.obolibrary.org/obo/IAO_0000300
http://graph/subwf/773	http://purl.obolibrary.org/obo/IAO_0000300
http://graph/subwf/774	http://purl.obolibrary.org/obo/IAO_0000300
http://graph/subwf/775	http://purl.obolibrary.org/obo/IAO_0000300
http://graph/subwf/776	http://purl.obolibrary.org/obo/IAO_0000300
http://graph/subwf/777	http://purl.obolibrary.org/obo/IAO_0000300
http://graph/subwf/778	http://purl.obolibrary.org/obo/IAO_0000300
http://graph/subwf/779	http://purl.obolibrary.org/obo/IAO_0000300
http://graph/subwf/780	http://purl.obolibrary.org/obo/IAO_0000300
http://graph/subwf/781	http://purl.obolibrary.org/obo/IAO_0000300
http://graph/subwf/782	http://purl.obolibrary.org/obo/IAO_0000300
http://graph/subwf/783	http://purl.obolibrary.org/obo/IAO_0000300
http://graph/subwf/784	http://purl.obolibrary.org/obo/IAO_0000300
http://graph/subwf/785	http://purl.obolibrary.org/obo/IAO_0000300
http://graph/subwf/786	http://purl.obolibrary.org/obo/IAO_0000300
http://graph/subwf/787	http://purl.obolibrary.org/obo/IAO_0000300
http://graph/subwf/788	http://purl.obolibrary.org/obo/IAO_0000300
http://graph/subwf/789	http://purl.obolibrary.org/obo/IAO_0000300
http://graph/subwf/790	http://purl.obolibrary.org/obo/IAO_0000300
http://graph/subwf/791	http://purl.obolibrary.org/obo/IAO_0000300
http://graph/subwf/792	http://purl.obolibrary.org/obo/IAO_0000300
http://graph/subwf/793	http://purl.obolibrary.org/obo/IAO_0000300
http://graph/subwf/794	http://purl.obolibrary.org/obo/IAO_0000300
http://graph/subwf/795	http://purl.obolibrary.org/obo/IAO_0000300
http://graph/subwf/796	http://purl.obolibrary.org/obo/IAO_0000300
http://graph/subwf/797	http://purl.obolibrary.org/obo/IAO_0000300
http://graph/subwf/798	http://purl.obolibrary.org/obo/IAO_0000300
http://graph/subwf/799	http://purl.obolibrary.org/obo/IAO_0000300
http://graph/subwf/800	http://purl.obolibrary.org/obo/IAO_0000300
http://graph/subwf/801	http://purl.obolibrary.org/obo/IAO_0000300
http://graph/subwf/802	http://purl.obolibrary.org/obo/IAO_0000300
http://graph/subwf/803	http://purl.obolibrary.org/obo/IAO_0000300
http://graph/subwf/804	http://purl.obolibrary.org/obo/IAO_0000300
http://graph/subwf/805	http://purl.obolibrary.org/obo/IAO_0000300
http://graph/subwf/806	http://purl.obolibrary.org/obo/IAO_0000300
http://graph/subwf/807	http://purl.obolibrary.org/obo/IAO_0000300
http://graph/subwf/808	http://purl.obolibrary.org/obo/IAO_0000300
http://graph/subwf/809	http://purl.obolibrary.org/obo/IAO_0000300
http://graph/subwf/810	http://purl.obolibrary.org/obo/IAO_0000300
http://graph/subwf/811	http://purl.obolibrary.org/obo/IAO_0000300
http://graph/subwf/812	http://purl.obolibrary.org/obo/IAO_0000300
http://graph/subwf/813	http://purl.obolibrary.org/obo/IAO_0000300
http://graph/subwf/814	http://purl.obolibrary.org/obo/IAO_0000300
http://graph/subwf/815	http://purl.obolibrary.org/obo/IAO_0000300
http://graph/subwf/816	http://purl.obolibrary.org/obo/IAO_0000300
http://graph/subwf/817	http://purl.obolibrary.org/obo/IAO_0000300
http://graph/subwf/818	http://purl.obolibrary.org/obo/IAO_0000300
http://graph/subwf/819	http://purl.obolibrary.org/obo/IAO_0000300
http://graph/subwf/820	http://purl.obolibrary.org/obo/IAO_0000300
http://graph/subwf/821	http://purl.obolibrary.org/obo/IAO_0000300
http://graph/subwf/822	http://purl.obolibrary.org/obo/IAO_0000300
http://graph/subwf/823	http://purl.obolibrary.org/obo/IAO_0000300
http://graph/subwf/824	http://purl.obolibrary.org/obo/IAO_0000300
http://graph/subwf/825	http://purl.obolibrary.org/obo/IAO_0000300
http://graph/subwf/826	http://purl.obolibrary.org/obo/IAO_0000300
http://graph/subwf/827	http://purl.obolibrary.org/obo/IAO_0000300
http://graph/subwf/828	http://purl.obolibrary.org/obo/IAO_0000300
http://graph/subwf/829	http://purl.obolibrary.org/obo/IAO_0000300
http://graph/subwf/830	http://www.ifomis.org/bfo/1.1/snap#Site;http://purl.obolibrary.org/obo/IAO_0000300
http://graph/subwf/831	http://purl.obolibrary.org/obo/IAO_0000101
http://graph/subwf/832	http://www.ifomis.org/bfo/1.1/snap#Site;http://purl.obolibrary.org/obo/IAO_0000300
http://graph/subwf/833	http://www.ifomis.org/bfo/1.1/snap#Site;http://purl.obolibrary.org/obo/IAO_0000300
http://graph/subwf/834	http://purl.obolibrary.org/obo/IAO_0000101
http://graph/subwf/835	http://purl.obolibrary.org/obo/IAO_0000101
http://graph/subwf/836	http://purl.obolibrary.org/obo/IAO_0000101
http://graph/subwf/837	http://purl.obolibrary.org/obo/IAO_0000101
http://graph/subwf/838	http://purl.obolibrary.org/obo/IAO_0000101
http://graph/subwf/839	http://purl.obolibrary.org/obo/IAO_0000101
http://graph/subwf/840	http://purl.obolibrary.org/obo/IAO_0000101
http://graph/subwf/841	http://www.ifomis.org/bfo/1.1/snap#Site;http://purl.obolibrary.org/obo/IAO_0000300
http://graph/subwf/842	http://purl.obolibrary.org/obo/IAO_0000101
http://graph/subwf/843	http://purl.obolibrary.org/obo/IAO_0000101
http://graph/subwf/844	http://www.ifomis.org/bfo/1.1/snap#Site;http://purl.obolibrary.org/obo/IAO_0000300
http://graph/subwf/845	http://purl.obolibrary.org/obo/IAO_0000101
http://graph/subwf/846	http://purl.obolibrary.org/obo/IAO_0000101
http://graph/subwf/847	http://purl.obolibrary.org/obo/IAO_0000101
http://graph/subwf/848	http://www.ifomis.org/bfo/1.1/snap#Site;http://purl.obolibrary.org/obo/IAO_0000300
http://graph/subwf/849	http://www.ifomis.org/bfo/1.1/snap#Site;http://purl.obolibrary.org/obo/IAO_0000300
http://graph/subwf/850	http://www.ifomis.org/bfo/1.1/snap#Site;http://purl.obolibrary.org/obo/IAO_0000300
http://graph/subwf/851	http://purl.obolibrary.org/obo/IAO_0000101
http://graph/subwf/852	http://www.ifomis.org/bfo/1.1/snap#Site;http://purl.obolibrary.org/obo/IAO_0000300
http://graph/subwf/853	http://www.ifomis.org/bfo/1.1/snap#Site;http://purl.obolibrary.org/obo/IAO_0000300
http://graph/subwf/854	http://purl.obolibrary.org/obo/IAO_0000101
http://graph/subwf/855	http://purl.obolibrary.org/obo/IAO_0000101
http://graph/subwf/856	http://purl.obolibrary.org/obo/IAO_0000101
http://graph/subwf/857	http://purl.obolibrary.org/obo/IAO_0000101
http://graph/subwf/858	http://purl.obolibrary.org/obo/IAO_0000101
http://graph/subwf/859	http://purl.obolibrary.org/obo/IAO_0000101
http://graph/subwf/860	http://purl.obolibrary.org/obo/IAO_0000101
http://graph/subwf/861	http://purl.obolibrary.org/obo/IAO_0000101
http://graph/subwf/862	http://purl.obolibrary.org/obo/IAO_0000101
http://graph/subwf/863	http://purl.obolibrary.org/obo/IAO_0000101
http://graph/subwf/864	http://purl.obolibrary.org/obo/IAO_0000101
http://graph/subwf/865	http://www.ifomis.org/bfo/1.1/snap#Function
http://graph/subwf/866	http://www.ifomis.org/bfo/1.1/snap#Function
http://graph/subwf/867	http://www.ifomis.org/bfo/1.1/snap#Function
http://graph/subwf/868	http://www.ifomis.org/bfo/1.1/snap#Function
http://graph/subwf/869	http://www.ifomis.org/bfo/1.1/snap#Function
http://graph/subwf/870	http://www.ifomis.org/bfo/1.1/snap#Function
http://graph/subwf/871	http://www.ifomis.org/bfo/1.1/snap#Function
http://graph/subwf/872	http://www.ifomis.org/bfo/1.1/snap#Function
http://graph/subwf/873	http://www.ifomis.org/bfo/1.1/snap#Function
http://graph/subwf/874	http://www.ifomis.org/bfo/1.1/snap#Function
http://graph/subwf/875	http://www.ifomis.org/bfo/1.1/snap#Function
http://graph/subwf/876	http://purl.obolibrary.org/obo/IAO_0000064
http://graph/subwf/877	http://purl.obolibrary.org/obo/IAO_0000055
http://graph/subwf/878	http://purl.obolibrary.org/obo/IAO_0000055;http://purl.obolibrary.org/obo/IAO_0000064
http://graph/subwf/879	http://purl.obolibrary.org/obo/IAO_0000055
http://graph/subwf/880	http://purl.obolibrary.org/obo/IAO_0000055
http://graph/subwf/881	http://purl.obolibrary.org/obo/IAO_0000055
http://graph/subwf/882	http://purl.obolibrary.org/obo/IAO_0000055;http://purl.obolibrary.org/obo/IAO_0000064
http://graph/subwf/883	http://purl.obolibrary.org/obo/IAO_0000064
http://graph/subwf/884	http://purl.obolibrary.org/obo/IAO_0000064
http://graph/subwf/885	http://purl.obolibrary.org/obo/IAO_0000064
http://graph/subwf/886	http://purl.obolibrary.org/obo/IAO_0000064
http://graph/subwf/887	http://purl.obolibrary.org/obo/IAO_0000064
http://graph/subwf/888	http://purl.obolibrary.org/obo/IAO_0000064
http://graph/subwf/889	http://purl.obolibrary.org/obo/IAO_0000064
http://graph/subwf/890	http://purl.obolibrary.org/obo/IAO_0000064
http://graph/subwf/891	http://purl.obolibrary.org/obo/IAO_0000064
http://graph/subwf/892	http://purl.obolibrary.org/obo/IAO_0000064
http://graph/subwf/893	http://purl.obolibrary.org/obo/IAO_0000064
http://graph/subwf/894	http://purl.obolibrary.org/obo/IAO_0000064
http://graph/subwf/895	http://purl.obolibrary.org/obo/IAO_0000064
http://graph/subwf/896	http://purl.obolibrary.org/obo/IAO_0000064
http://graph/subwf/897	http://purl.obolibrary.org/obo/IAO_0000064
http://graph/subwf/898	http://purl.obolibrary.org/obo/IAO_0000064
http://graph/subwf/899	http://purl.obolibrary.org/obo/IAO_0000064
http://graph/subwf/900	http://purl.obolibrary.org/obo/IAO_0000064
http://graph/subwf/901	http://purl.obolibrary.org/obo/IAO_0000064
http://graph/subwf/902	http://purl.obolibrary.org/obo/IAO_0000064
http://graph/subwf/903	http://purl.obolibrary.org/obo/IAO_0000064
http://graph/subwf/904	http://purl.obolibrary.org/obo/IAO_0000064
http://graph/subwf/905	http://purl.obolibrary.org/obo/IAO_0000064
http://graph/subwf/906	http://purl.obolibrary.org/obo/IAO_0000055;http://purl.obolibrary.org/obo/IAO_0000064
http://graph/subwf/907	http://purl.obolibrary.org/obo/IAO_0000055
http://graph/subwf/908	http://purl.obolibrary.org/obo/IAO_0000055
http://graph/subwf/909	http://purl.obolibrary.org/obo/IAO_0000055
http://graph/subwf/910	http://purl.obolibrary.org/obo/IAO_0000055;http://purl.obolibrary.org/obo/IAO_0000064
http://graph/subwf/911	http://purl.obolibrary.org/obo/IAO_0000055;http://purl.obolibrary.org/obo/IAO_0000064
http://graph/subwf/912	http://purl.obolibrary.org/obo/IAO_0000055;http://purl.obolibrary.org/obo/IAO_0000064
http://graph/subwf/913	http://purl.obolibrary.org/obo/IAO_0000055;http://purl.obolibrary.org/obo/IAO_0000064
http://graph/subwf/914	http://purl.obolibrary.org/obo/IAO_0000055;http://purl.obolibrary.org/obo/IAO_0000064
http://graph/subwf/915	http://purl.obolibrary.org/obo/IAO_0000055;http://purl.obolibrary.org/obo/IAO_0000064
http://graph/subwf/916	http://purl.obolibrary.org/obo/IAO_0000055;http://purl.obolibrary.org/obo/IAO_0000064
http://graph/subwf/917	http://purl.obolibrary.org/obo/IAO_0000055
http://graph/subwf/918	http://purl.obolibrary.org/obo/IAO_0000055
http://graph/subwf/919	http://purl.obolibrary.org/obo/IAO_0000055;http://purl.obolibrary.org/obo/IAO_0000064
http://graph/subwf/920	http://purl.obolibrary.org/obo/IAO_0000055
http://graph/subwf/921	http://purl.obolibrary.org/obo/IAO_0000055;http://purl.obolibrary.org/obo/IAO_0000064
http://graph/subwf/922	http://purl.obolibrary.org/obo/IAO_0000055
http://graph/subwf/923	http://purl.obolibrary.org/obo/IAO_0000055;http://purl.obolibrary.org/obo/IAO_0000064
http://graph/subwf/924	http://purl.obolibrary.org/obo/IAO_0000055
http://graph/subwf/925	http://purl.obolibrary.org/obo/IAO_0000055;http://purl.obolibrary.org/obo/IAO_0000064
http://graph/subwf/926	http://purl.obolibrary.org/obo/IAO_0000055;http://purl.obolibrary.org/obo/IAO_0000064
http://graph/subwf/927	http://purl.obolibrary.org/obo/IAO_0000055;http://purl.obolibrary.org/obo/IAO_0000064
http://graph/subwf/928	http://purl.obolibrary.org/obo/IAO_0000055;http://purl.obolibrary.org/obo/IAO_0000064
http://graph/subwf/929	http://purl.obolibrary.org/obo/IAO_0000055;http://purl.obolibrary.org/obo/IAO_0000064
http://graph/subwf/930	http://purl.obolibrary.org/obo/IAO_0000064
http://graph/subwf/931	http://purl.obolibrary.org/obo/IAO_0000064
http://graph/subwf/932	http://purl.obolibrary.org/obo/IAO_0000064
http://graph/subwf/933	http://purl.obolibrary.org/obo/IAO_0000064
http://graph/subwf/934	http://purl.obolibrary.org/obo/IAO_0000064
http://graph/subwf/935	http://purl.obolibrary.org/obo/IAO_0000064
http://graph/subwf/936	http://purl.obolibrary.org/obo/IAO_0000064
http://graph/subwf/937	http://purl.obolibrary.org/obo/IAO_0000064
http://graph/subwf/938	http://purl.obolibrary.org/obo/IAO_0000064
http://graph/subwf/939	http://purl.obolibrary.org/obo/IAO_0000064
http://graph/subwf/940	http://purl.obolibrary.org/obo/IAO_0000064
http://graph/subwf/941	http://purl.obolibrary.org/obo/IAO_0000064
http://graph/subwf/942	http://purl.obolibrary.org/obo/IAO_0000064
http://graph/subwf/943	http://purl.obolibrary.org/obo/IAO_0000064
http://graph/subwf/944	http://purl.obolibrary.org/obo/IAO_0000064
http://graph/subwf/945	http://purl.obolibrary.org/obo/IAO_0000064
http://graph/subwf/946	http://purl.obolibrary.org/obo/IAO_0000064
http://graph/subwf/947	http://purl.obolibrary.org/obo/IAO_0000064
http://graph/subwf/948	http://purl.obolibrary.org/obo/IAO_0000064
http://graph/subwf/949	http://purl.obolibrary.org/obo/IAO_0000064
http://graph/subwf/950	http://purl.obolibrary.org/obo/IAO_0000064
http://graph/subwf/951	http://purl.obolibrary.org/obo/IAO_0000064
http://graph/subwf/952	http://purl.obolibrary.org/obo/IAO_0000064
http://graph/subwf/953	http://purl.obolibrary.org/obo/IAO_0000064
http://graph/subwf/954	http://purl.obolibrary.org/obo/IAO_0000064
http://graph/subwf/955	http://purl.obolibrary.org/obo/IAO_0000064
http://graph/subwf/956	http://purl.obolibrary.org/obo/IAO_0000064
http://graph/subwf/957	http://purl.obolibrary.org/obo/IAO_0000064
http://graph/subwf/958	http://purl.obolibrary.org/obo/IAO_0000064
http://graph/subwf/959	http://purl.obolibrary.org/obo/IAO_0000064
http://graph/subwf/960	http://purl.obolibrary.org/obo/IAO_0000064
http://graph/subwf/961	http://purl.obolibrary.org/obo/IAO_0000064
http://graph/subwf/962	http://purl.obolibrary.org/obo/IAO_0000064
http://graph/subwf/963	http://purl.obolibrary.org/obo/IAO_0000064
http://graph/subwf/964	http://purl.obolibrary.org/obo/IAO_0000064
http://graph/subwf/965	http://purl.obolibrary.org/obo/IAO_0000064
http://graph/subwf/966	http://purl.obolibrary.org/obo/IAO_0000064
http://graph/subwf/967	http://purl.obolibrary.org/obo/IAO_0000064
http://graph/subwf/968	http://purl.obolibrary.org/obo/IAO_0000064
http://graph/subwf/969	http://purl.obolibrary.org/obo/IAO_0000064
http://graph/subwf/970	http://purl.obolibrary.org/obo/IAO_0000064
http://graph/subwf/971	http://purl.obolibrary.org/obo/IAO_0000027
http://graph/subwf/972	http://purl.obolibrary.org/obo/IAO_0000027
http://graph/subwf/973	http://purl.obolibrary.org/obo/IAO_0000027
http://graph/subwf/974	http://purl.obolibrary.org/obo/IAO_0000027
http://graph/subwf/975	http://purl.obolibrary.org/obo/IAO_0000027
http://graph/subwf/976	http://purl.obolibrary.org/obo/IAO_0000027
http://graph/subwf/977	http://purl.obolibrary.org/obo/IAO_0000027
http://graph/subwf/978	http://purl.obolibrary.org/obo/IAO_0000027
http://graph/subwf/979	http://www.ifomis.org/bfo/1.1/snap#Function
http://graph/subwf/980	http://www.ifomis.org/bfo/1.1/snap#Function
http://graph/subwf/981	http://www.ifomis.org/bfo/1.1/snap#Function
http://graph/subwf/982	http://www.ifomis.org/bfo/1.1/snap#Function
http://graph/subwf/983	http://www.ifomis.org/bfo/1.1/snap#Function
http://graph/subwf/984	http://www.ifomis.org/bfo/1.1/snap#Function
http://graph/subwf/985	http://www.ifomis.org/bfo/1.1/snap#Function
http://graph/subwf/986	http://www.ifomis.org/bfo/1.1/snap#Function
http://graph/subwf/987	http://www.ifomis.org/bfo/1.1/snap#Function
http://graph/subwf/988	http://www.ifomis.org/bfo/1.1/snap#Function
http://graph/subwf/989	http://www.ifomis.org/bfo/1.1/snap#Function
http://graph/subwf/990	http://www.ifomis.org/bfo/1.1/snap#Function
http://graph/subwf/991	http://www.ifomis.org/bfo/1.1/snap#Function
http://graph/subwf/992	http://www.ifomis.org/bfo/1.1/snap#Function
http://graph/subwf/993	http://www.ifomis.org/bfo/1.1/snap#Function
http://graph/subwf/994	http://www.ifomis.org/bfo/1.1/snap#Function
http://graph/subwf/995	http://www.ifomis.org/bfo/1.1/snap#Function
http://graph/subwf/996	http://www.ifomis.org/bfo/1.1/snap#Function
http://graph/subwf/997	http://www.ifomis.org/bfo/1.1/snap#Function
http://graph/subwf/998	http://www.ifomis.org/bfo/1.1/snap#Function
http://graph/subwf/999	http://www.ifomis.org/bfo/1.1/snap#Function
http://graph/subwf/1000	http://www.ifomis.org/bfo/1.1/snap#Function
http://graph/subwf/1001	http://www.ifomis.org/bfo/1.1/snap#Function
http://graph/subwf/1002	http://www.ifomis.org/bfo/1.1/snap#Function
http://graph/subwf/1003	http://purl.obolibrary.org/obo/IAO_0000101
http://graph/subwf/1004	http://purl.obolibrary.org/obo/IAO_0000300
http://graph/subwf/1005	http://purl.obolibrary.org/obo/IAO_0000300
http://graph/subwf/1006	http://www.ifomis.org/bfo/1.1/snap#Function
http://graph/subwf/1007	http://www.ifomis.org/bfo/1.1/snap#Function
http://graph/subwf/1008	http://www.ifomis.org/bfo/1.1/snap#Function
http://graph/subwf/1009	http://www.ifomis.org/bfo/1.1/snap#Function
http://graph/subwf/1010	http://www.ifomis.org/bfo/1.1/snap#Function
http://graph/subwf/1011	http://www.ifomis.org/bfo/1.1/snap#Function
http://graph/subwf/1012	http://www.ifomis.org/bfo/1.1/snap#Function
http://graph/subwf/1013	http://www.ifomis.org/bfo/1.1/snap#Function
http://graph/subwf/1014	http://www.ifomis.org/bfo/1.1/snap#Function
http://graph/subwf/1015	http://www.ifomis.org/bfo/1.1/snap#Function
http://graph/subwf/1016	http://purl.obolibrary.org/obo/IAO_0000027
http://graph/subwf/1017	http://purl.obolibrary.org/obo/IAO_0000101
http://graph/subwf/1018	http://purl.obolibrary.org/obo/IAO_0000101
http://graph/subwf/1019	http://purl.obolibrary.org/obo/IAO_0000101
http://graph/subwf/1020	http://purl.obolibrary.org/obo/IAO_0000101
http://graph/subwf/1021	http://purl.obolibrary.org/obo/IAO_0000101
http://graph/subwf/1022	http://purl.obolibrary.org/obo/IAO_0000300
http://graph/subwf/1023	http://purl.obolibrary.org/obo/IAO_0000300
http://graph/subwf/1024	http://purl.obolibrary.org/obo/IAO_0000101
http://graph/subwf/1025	http://purl.obolibrary.org/obo/IAO_0000101
http://graph/subwf/1026	http://www.ifomis.org/bfo/1.1/snap#Function
http://graph/subwf/1027	http://www.ifomis.org/bfo/1.1/snap#Function
http://graph/subwf/1028	http://www.ifomis.org/bfo/1.1/snap#Function
http://graph/subwf/1029	http://www.ifomis.org/bfo/1.1/snap#Function
http://graph/subwf/1030	http://www.ifomis.org/bfo/1.1/snap#Function
http://graph/subwf/1031	http://purl.obolibrary.org/obo/IAO_0000101
http://graph/subwf/1032	http://www.ifomis.org/bfo/1.1/snap#Function
http://graph/subwf/1033	http://www.ifomis.org/bfo/1.1/snap#Function
http://graph/subwf/1034	http://www.ifomis.org/bfo/1.1/snap#Function
http://graph/subwf/1035	http://www.ifomis.org/bfo/1.1/snap#Function
http://graph/subwf/1036	http://www.ifomis.org/bfo/1.1/snap#Function
http://graph/subwf/1037	http://www.ifomis.org/bfo/1.1/snap#Function
http://graph/subwf/1038	http://www.ifomis.org/bfo/1.1/snap#Function
http://graph/subwf/1039	http://www.ifomis.org/bfo/1.1/snap#Function
http://graph/subwf/1040	http://www.ifomis.org/bfo/1.1/snap#Function
http://graph/subwf/1041	http://www.ifomis.org/bfo/1.1/snap#Function
http://graph/subwf/1042	http://www.ifomis.org/bfo/1.1/snap#Function
http://graph/subwf/1043	http://www.ifomis.org/bfo/1.1/snap#Function
http://graph/subwf/1044	http://www.ifomis.org/bfo/1.1/snap#Function
http://graph/subwf/1045	http://www.ifomis.org/bfo/1.1/snap#Function
http://graph/subwf/1046	http://www.ifomis.org/bfo/1.1/snap#Object;http://purl.obolibrary.org/obo/IAO_0000129
http://graph/subwf/1047	http://www.ifomis.org/bfo/1.1/snap#Object;http://purl.obolibrary.org/obo/IAO_0000129
http://graph/subwf/1048	http://purl.obolibrary.org/obo/IAO_0000306
http://graph/subwf/1049	http://purl.obolibrary.org/obo/IAO_0000306
http://graph/subwf/1050	http://purl.obolibrary.org/obo/IAO_0000306
http://graph/subwf/1051	http://purl.obolibrary.org/obo/IAO_0000306
http://graph/subwf/1052	http://purl.obolibrary.org/obo/IAO_0000306
http://graph/subwf/1053	http://purl.obolibrary.org/obo/IAO_0000306
http://graph/subwf/1054	http://purl.obolibrary.org/obo/IAO_0000027
http://graph/subwf/1055	http://purl.obolibrary.org/obo/IAO_0000027
http://graph/subwf/1056	http://purl.obolibrary.org/obo/IAO_0000027
http://graph/subwf/1057	http://purl.obolibrary.org/obo/IAO_0000027
http://graph/subwf/1058	http://purl.obolibrary.org/obo/IAO_0000027
http://graph/subwf/1059	http://purl.obolibrary.org/obo/IAO_0000027
http://graph/subwf/1060	http://www.ifomis.org/bfo/1.1/snap#Function
http://graph/subwf/1061	http://www.ifomis.org/bfo/1.1/snap#Function
http://graph/subwf/1062	http://www.ifomis.org/bfo/1.1/snap#Function
http://graph/subwf/1063	http://www.ifomis.org/bfo/1.1/snap#Function
http://graph/subwf/1064	http://www.ifomis.org/bfo/1.1/snap#Function
http://graph/subwf/1065	http://www.ifomis.org/bfo/1.1/snap#Function
http://graph/subwf/1066	http://www.ifomis.org/bfo/1.1/snap#Function
http://graph/subwf/1067	http://www.ifomis.org/bfo/1.1/snap#Function
http://graph/subwf/1068	http://www.ifomis.org/bfo/1.1/snap#Function
http://graph/subwf/1069	http://www.ifomis.org/bfo/1.1/snap#Function
http://graph/subwf/1070	http://www.ifomis.org/bfo/1.1/snap#Function
http://graph/subwf/1071	http://www.ifomis.org/bfo/1.1/snap#Function
http://graph/subwf/1072	http://www.ifomis.org/bfo/1.1/snap#Function
http://graph/subwf/1073	http://www.ifomis.org/bfo/1.1/snap#Function
http://graph/subwf/1074	http://www.ifomis.org/bfo/1.1/snap#Function
http://graph/subwf/1075	http://www.ifomis.org/bfo/1.1/snap#Function
http://graph/subwf/1076	http://www.ifomis.org/bfo/1.1/snap#Function
http://graph/subwf/1077	http://www.ifomis.org/bfo/1.1/snap#Function
http://graph/subwf/1078	http://www.ifomis.org/bfo/1.1/snap#Function
http://graph/subwf/1079	http://www.ifomis.org/bfo/1.1/snap#Function
http://graph/subwf/1080	http://www.ifomis.org/bfo/1.1/snap#Function
http://graph/subwf/1081	http://www.ifomis.org/bfo/1.1/snap#Function
http://graph/subwf/1082	http://www.ifomis.org/bfo/1.1/snap#Function
http://graph/subwf/1083	http://www.ifomis.org/bfo/1.1/snap#Function
http://graph/subwf/1084	http://www.ifomis.org/bfo/1.1/snap#Function
http://graph/subwf/1085	http://www.ifomis.org/bfo/1.1/snap#Function
http://graph/subwf/1086	http://www.ifomis.org/bfo/1.1/span#Process
http://graph/subwf/1087	http://www.ifomis.org/bfo/1.1/span#Process
http://graph/subwf/1088	http://purl.obolibrary.org/obo/IAO_0000300
http://graph/subwf/1089	http://purl.obolibrary.org/obo/IAO_0000179
http://graph/subwf/1090	http://purl.obolibrary.org/obo/IAO_0000027
http://graph/subwf/1091	http://purl.obolibrary.org/obo/IAO_0000027
http://graph/subwf/1092	http://purl.obolibrary.org/obo/IAO_0000027
http://graph/subwf/1093	http://purl.obolibrary.org/obo/IAO_0000179
http://graph/subwf/1094	http://purl.obolibrary.org/obo/IAO_0000179;http://purl.obolibrary.org/obo/IAO_0000027
http://graph/subwf/1095	http://purl.obolibrary.org/obo/IAO_0000027
http://graph/subwf/1096	http://purl.obolibrary.org/obo/IAO_0000027
http://graph/subwf/1097	http://purl.obolibrary.org/obo/IAO_0000027
http://graph/subwf/1098	http://purl.obolibrary.org/obo/IAO_0000027
http://graph/subwf/1099	http://purl.obolibrary.org/obo/IAO_0000027
http://graph/subwf/1100	http://purl.obolibrary.org/obo/IAO_0000027
http://graph/subwf/1101	http://purl.obolibrary.org/obo/IAO_0000027
http://graph/subwf/1102	http://purl.obolibrary.org/obo/IAO_0000027
http://graph/subwf/1103	http://purl.obolibrary.org/obo/IAO_0000027
http://graph/subwf/1104	http://purl.obolibrary.org/obo/IAO_0000027
http://graph/subwf/1105	http://purl.obolibrary.org/obo/IAO_0000027
http://graph/subwf/1106	http://purl.obolibrary.org/obo/IAO_0000027
http://graph/subwf/1107	http://purl.obolibrary.org/obo/IAO_0000027
http://graph/subwf/1108	http://purl.obolibrary.org/obo/IAO_0000027
http://graph/subwf/1109	http://purl.obolibrary.org/obo/IAO_0000027
http://graph/subwf/1110	http://purl.obolibrary.org/obo/IAO_0000027
http://graph/subwf/1111	http://purl.obolibrary.org/obo/IAO_0000027
http://graph/subwf/1112	http://www.ifomis.org/bfo/1.1/snap#Function
http://graph/subwf/1113	http://www.ifomis.org/bfo/1.1/snap#Function
http://graph/subwf/1114	http://www.ifomis.org/bfo/1.1/snap#Function
http://graph/subwf/1115	http://purl.obolibrary.org/obo/IAO_0000300
http://graph/subwf/1116	http://purl.obolibrary.org/obo/IAO_0000300
http://graph/subwf/1117	http://purl.obolibrary.org/obo/IAO_0000300
http://graph/subwf/1118	http://www.ifomis.org/bfo/1.1/snap#Function
http://graph/subwf/1119	http://www.ifomis.org/bfo/1.1/snap#Function
http://graph/subwf/1120	http://www.ifomis.org/bfo/1.1/snap#Function
http://graph/subwf/1121	http://purl.obolibrary.org/obo/IAO_0000300
http://graph/subwf/1122	http://www.ifomis.org/bfo/1.1/snap#Function
http://graph/subwf/1123	http://www.ifomis.org/bfo/1.1/snap#Function
http://graph/subwf/1124	http://purl.obolibrary.org/obo/IAO_0000300
http://graph/subwf/1125	http://www.ifomis.org/bfo/1.1/snap#Function
http://graph/subwf/1126	http://purl.obolibrary.org/obo/IAO_0000300
http://graph/subwf/1127	http://purl.obolibrary.org/obo/IAO_0000300
